design_id,operational_id,connection_count,block_creation_interval,maximum_block_size,validating_node_count,node_bandwidth_heterogeneity,link_bandwidth_heterogeneity,hashing_power_concentration,number_of_attackers,adversarial_hashing_power_share,transaction_arrival_rate,transaction_batch_size,execution_index,manifest_pair_id,network_instance,event_replication,network_realization_id,network_seed,event_seed,run_id
D001,OREF,8,474,7.23012406874454,141,0.0,0.0,0.0,0,0.0,7.071067811865476,1,1,D001_OREF,1,1,D001_OREF_S01,7522985621366847447,472168347466785964,D001_OREF_S01_E01
D001,OREF,8,474,7.23012406874454,141,0.0,0.0,0.0,0,0.0,7.071067811865476,1,2,D001_OREF,1,2,D001_OREF_S01,7522985621366847447,-6918274135675847334,D001_OREF_S01_E02
D001,OREF,8,474,7.23012406874454,141,0.0,0.0,0.0,0,0.0,7.071067811865476,1,3,D001_OREF,2,1,D001_OREF_S02,-1544400015913106505,-8130350438648098298,D001_OREF_S02_E01
D001,OREF,8,474,7.23012406874454,141,0.0,0.0,0.0,0,0.0,7.071067811865476,1,4,D001_OREF,2,2,D001_OREF_S02,-1544400015913106505,-5996170871925981508,D001_OREF_S02_E02
D002,OREF,3,167,1.5762744417631678,141,0.0,0.0,0.0,0,0.0,7.071067811865476,1,5,D002_OREF,1,1,D002_OREF_S01,683464491935848742,139746377870145072,D002_OREF_S01_E01
D002,OREF,3,167,1.5762744417631678,141,0.0,0.0,0.0,0,0.0,7.071067811865476,1,6,D002_OREF,1,2,D002_OREF_S01,683464491935848742,2517153435895413336,D002_OREF_S01_E02
D002,OREF,3,167,1.5762744417631678,141,0.0,0.0,0.0,0,0.0,7.071067811865476,1,7,D002_OREF,2,1,D002_OREF_S02,-8034707892022491117,7613573737789020830,D002_OREF_S02_E01
D002,OREF,3,167,1.5762744417631678,141,0.0,0.0,0.0,0,0.0,7.071067811865476,1,8,D002_OREF,2,2,D002_OREF_S02,-8034707892022491117,8527457069873549570,D002_OREF_S02_E02
D003,OREF,1,385,1.754386102616344,141,0.0,0.0,0.0,0,0.0,7.071067811865476,1,9,D003_OREF,1,1,D003_OREF_S01,7476657089597206229,4924103196013127789,D003_OREF_S01_E01
D003,OREF,1,385,1.754386102616344,141,0.0,0.0,0.0,0,0.0,7.071067811865476,1,10,D003_OREF,1,2,D003_OREF_S01,7476657089597206229,-2449950598655045829,D003_OREF_S01_E02
D003,OREF,1,385,1.754386102616344,141,0.0,0.0,0.0,0,0.0,7.071067811865476,1,11,D003_OREF,2,1,D003_OREF_S02,-820619925101991145,6305883200418917761,D003_OREF_S02_E01
D003,OREF,1,385,1.754386102616344,141,0.0,0.0,0.0,0,0.0,7.071067811865476,1,12,D003_OREF,2,2,D003_OREF_S02,-820619925101991145,7134546434790555552,D003_OREF_S02_E02
D004,OREF,1,144,6.9120524081527215,141,0.0,0.0,0.0,0,0.0,7.071067811865476,1,13,D004_OREF,1,1,D004_OREF_S01,1761723448423729568,3377674622759369045,D004_OREF_S01_E01
D004,OREF,1,144,6.9120524081527215,141,0.0,0.0,0.0,0,0.0,7.071067811865476,1,14,D004_OREF,1,2,D004_OREF_S01,1761723448423729568,6681860395043143765,D004_OREF_S01_E02
D004,OREF,1,144,6.9120524081527215,141,0.0,0.0,0.0,0,0.0,7.071067811865476,1,15,D004_OREF,2,1,D004_OREF_S02,-233314754044959496,-5620273424696959933,D004_OREF_S02_E01
D004,OREF,1,144,6.9120524081527215,141,0.0,0.0,0.0,0,0.0,7.071067811865476,1,16,D004_OREF,2,2,D004_OREF_S02,-233314754044959496,-2480540377915087404,D004_OREF_S02_E02
D005,OREF,4,153,3.501333011512601,141,0.0,0.0,0.0,0,0.0,7.071067811865476,1,17,D005_OREF,1,1,D005_OREF_S01,-4849978409367645933,-3129951349721493541,D005_OREF_S01_E01
D005,OREF,4,153,3.501333011512601,141,0.0,0.0,0.0,0,0.0,7.071067811865476,1,18,D005_OREF,1,2,D005_OREF_S01,-4849978409367645933,6165300967132546073,D005_OREF_S01_E02
D005,OREF,4,153,3.501333011512601,141,0.0,0.0,0.0,0,0.0,7.071067811865476,1,19,D005_OREF,2,1,D005_OREF_S02,710191370814156875,-6271056770718481379,D005_OREF_S02_E01
D005,OREF,4,153,3.501333011512601,141,0.0,0.0,0.0,0,0.0,7.071067811865476,1,20,D005_OREF,2,2,D005_OREF_S02,710191370814156875,4353869630111062690,D005_OREF_S02_E02
D006,OREF,3,1163,0.3409327924623839,141,0.0,0.0,0.0,0,0.0,7.071067811865476,2,21,D006_OREF,1,1,D006_OREF_S01,6683790045078047405,8515787037059453168,D006_OREF_S01_E01
D006,OREF,3,1163,0.3409327924623839,141,0.0,0.0,0.0,0,0.0,7.071067811865476,2,22,D006_OREF,1,2,D006_OREF_S01,6683790045078047405,3853924303321451781,D006_OREF_S01_E02
D006,OREF,3,1163,0.3409327924623839,141,0.0,0.0,0.0,0,0.0,7.071067811865476,2,23,D006_OREF,2,1,D006_OREF_S02,-6092459247239302935,6632325326579848282,D006_OREF_S02_E01
D006,OREF,3,1163,0.3409327924623839,141,0.0,0.0,0.0,0,0.0,7.071067811865476,2,24,D006_OREF,2,2,D006_OREF_S02,-6092459247239302935,-1611004592776069931,D006_OREF_S02_E02
D007,OREF,7,868,1.3370579344169782,141,0.0,0.0,0.0,0,0.0,7.071067811865476,2,25,D007_OREF,1,1,D007_OREF_S01,-3689033158596086005,-8424681320220397339,D007_OREF_S01_E01
D007,OREF,7,868,1.3370579344169782,141,0.0,0.0,0.0,0,0.0,7.071067811865476,2,26,D007_OREF,1,2,D007_OREF_S01,-3689033158596086005,-6994220605917294306,D007_OREF_S01_E02
D007,OREF,7,868,1.3370579344169782,141,0.0,0.0,0.0,0,0.0,7.071067811865476,2,27,D007_OREF,2,1,D007_OREF_S02,-3449152407703457994,-9048726273193901073,D007_OREF_S02_E01
D007,OREF,7,868,1.3370579344169782,141,0.0,0.0,0.0,0,0.0,7.071067811865476,2,28,D007_OREF,2,2,D007_OREF_S02,-3449152407703457994,3236677502548081787,D007_OREF_S02_E02
D008,OREF,4,350,2.8213345930537823,141,0.0,0.0,0.0,0,0.0,7.071067811865476,1,29,D008_OREF,1,1,D008_OREF_S01,-7573593018346196260,-6336426595928875250,D008_OREF_S01_E01
D008,OREF,4,350,2.8213345930537823,141,0.0,0.0,0.0,0,0.0,7.071067811865476,1,30,D008_OREF,1,2,D008_OREF_S01,-7573593018346196260,-9044522856803171152,D008_OREF_S01_E02
D008,OREF,4,350,2.8213345930537823,141,0.0,0.0,0.0,0,0.0,7.071067811865476,1,31,D008_OREF,2,1,D008_OREF_S02,1409356076513786527,6430066441837099882,D008_OREF_S02_E01
D008,OREF,4,350,2.8213345930537823,141,0.0,0.0,0.0,0,0.0,7.071067811865476,1,32,D008_OREF,2,2,D008_OREF_S02,1409356076513786527,-1571524041056155610,D008_OREF_S02_E02
D009,OREF,2,423,1.163860333975556,141,0.0,0.0,0.0,0,0.0,7.071067811865476,1,33,D009_OREF,1,1,D009_OREF_S01,4902208339911617022,2804462929118205912,D009_OREF_S01_E01
D009,OREF,2,423,1.163860333975556,141,0.0,0.0,0.0,0,0.0,7.071067811865476,1,34,D009_OREF,1,2,D009_OREF_S01,4902208339911617022,-1534476116956719890,D009_OREF_S01_E02
D009,OREF,2,423,1.163860333975556,141,0.0,0.0,0.0,0,0.0,7.071067811865476,1,35,D009_OREF,2,1,D009_OREF_S02,-4145461708083309338,-217079536397606515,D009_OREF_S02_E01
D009,OREF,2,423,1.163860333975556,141,0.0,0.0,0.0,0,0.0,7.071067811865476,1,36,D009_OREF,2,2,D009_OREF_S02,-4145461708083309338,-7085341072064452898,D009_OREF_S02_E02
D010,OREF,3,320,3.385100809470524,141,0.0,0.0,0.0,0,0.0,7.071067811865476,1,37,D010_OREF,1,1,D010_OREF_S01,713918224490711875,6918266796121681680,D010_OREF_S01_E01
D010,OREF,3,320,3.385100809470524,141,0.0,0.0,0.0,0,0.0,7.071067811865476,1,38,D010_OREF,1,2,D010_OREF_S01,713918224490711875,5047230186836288006,D010_OREF_S01_E02
D010,OREF,3,320,3.385100809470524,141,0.0,0.0,0.0,0,0.0,7.071067811865476,1,39,D010_OREF,2,1,D010_OREF_S02,-1621133480993107308,-7361758124857130436,D010_OREF_S02_E01
D010,OREF,3,320,3.385100809470524,141,0.0,0.0,0.0,0,0.0,7.071067811865476,1,40,D010_OREF,2,2,D010_OREF_S02,-1621133480993107308,5385626652655226557,D010_OREF_S02_E02
D011,OREF,4,490,0.7940444517564893,141,0.0,0.0,0.0,0,0.0,7.071067811865476,1,41,D011_OREF,1,1,D011_OREF_S01,3091034177430172628,5158228049350589911,D011_OREF_S01_E01
D011,OREF,4,490,0.7940444517564893,141,0.0,0.0,0.0,0,0.0,7.071067811865476,1,42,D011_OREF,1,2,D011_OREF_S01,3091034177430172628,-5528548232420852053,D011_OREF_S01_E02
D011,OREF,4,490,0.7940444517564893,141,0.0,0.0,0.0,0,0.0,7.071067811865476,1,43,D011_OREF,2,1,D011_OREF_S02,-8797693255973382946,3077270992763305178,D011_OREF_S02_E01
D011,OREF,4,490,0.7940444517564893,141,0.0,0.0,0.0,0,0.0,7.071067811865476,1,44,D011_OREF,2,2,D011_OREF_S02,-8797693255973382946,-8195680864102105747,D011_OREF_S02_E02
D012,OREF,6,271,0.5587627342816226,141,0.0,0.0,0.0,0,0.0,7.071067811865476,1,45,D012_OREF,1,1,D012_OREF_S01,-3635839287593091905,4129250220477404915,D012_OREF_S01_E01
D012,OREF,6,271,0.5587627342816226,141,0.0,0.0,0.0,0,0.0,7.071067811865476,1,46,D012_OREF,1,2,D012_OREF_S01,-3635839287593091905,7292096423792207756,D012_OREF_S01_E02
D012,OREF,6,271,0.5587627342816226,141,0.0,0.0,0.0,0,0.0,7.071067811865476,1,47,D012_OREF,2,1,D012_OREF_S02,2343607369246891276,3094949566049614658,D012_OREF_S02_E01
D012,OREF,6,271,0.5587627342816226,141,0.0,0.0,0.0,0,0.0,7.071067811865476,1,48,D012_OREF,2,2,D012_OREF_S02,2343607369246891276,5663833583837153185,D012_OREF_S02_E02
D013,OREF,3,199,0.3065356861925919,141,0.0,0.0,0.0,0,0.0,7.071067811865476,1,49,D013_OREF,1,1,D013_OREF_S01,-8517357253269041256,-5300863604507511413,D013_OREF_S01_E01
D013,OREF,3,199,0.3065356861925919,141,0.0,0.0,0.0,0,0.0,7.071067811865476,1,50,D013_OREF,1,2,D013_OREF_S01,-8517357253269041256,-9071653572841911421,D013_OREF_S01_E02
D013,OREF,3,199,0.3065356861925919,141,0.0,0.0,0.0,0,0.0,7.071067811865476,1,51,D013_OREF,2,1,D013_OREF_S02,-3739329849391646032,4969215076523841210,D013_OREF_S02_E01
D013,OREF,3,199,0.3065356861925919,141,0.0,0.0,0.0,0,0.0,7.071067811865476,1,52,D013_OREF,2,2,D013_OREF_S02,-3739329849391646032,-2663000401304846706,D013_OREF_S02_E02
D014,OREF,7,749,0.6757835742476536,141,0.0,0.0,0.0,0,0.0,7.071067811865476,1,53,D014_OREF,1,1,D014_OREF_S01,-4490753661387517449,6770698992891402799,D014_OREF_S01_E01
D014,OREF,7,749,0.6757835742476536,141,0.0,0.0,0.0,0,0.0,7.071067811865476,1,54,D014_OREF,1,2,D014_OREF_S01,-4490753661387517449,7353634652428961894,D014_OREF_S01_E02
D014,OREF,7,749,0.6757835742476536,141,0.0,0.0,0.0,0,0.0,7.071067811865476,1,55,D014_OREF,2,1,D014_OREF_S02,-3586265694532076257,-1509298229762046855,D014_OREF_S02_E01
D014,OREF,7,749,0.6757835742476536,141,0.0,0.0,0.0,0,0.0,7.071067811865476,1,56,D014_OREF,2,2,D014_OREF_S02,-3586265694532076257,4362569303962468410,D014_OREF_S02_E02
D015,OREF,8,297,0.7696412938899544,141,0.0,0.0,0.0,0,0.0,7.071067811865476,1,57,D015_OREF,1,1,D015_OREF_S01,3550952118393252481,-6496989370034608944,D015_OREF_S01_E01
D015,OREF,8,297,0.7696412938899544,141,0.0,0.0,0.0,0,0.0,7.071067811865476,1,58,D015_OREF,1,2,D015_OREF_S01,3550952118393252481,-2139413661844348988,D015_OREF_S01_E02
D015,OREF,8,297,0.7696412938899544,141,0.0,0.0,0.0,0,0.0,7.071067811865476,1,59,D015_OREF,2,1,D015_OREF_S02,-8376973753110184879,8225131289964090371,D015_OREF_S02_E01
D015,OREF,8,297,0.7696412938899544,141,0.0,0.0,0.0,0,0.0,7.071067811865476,1,60,D015_OREF,2,2,D015_OREF_S02,-8376973753110184879,-3309522022704054181,D015_OREF_S02_E02
D016,OREF,5,172,1.1256207812140042,141,0.0,0.0,0.0,0,0.0,7.071067811865476,1,61,D016_OREF,1,1,D016_OREF_S01,-6970890903738388349,4552541095376782246,D016_OREF_S01_E01
D016,OREF,5,172,1.1256207812140042,141,0.0,0.0,0.0,0,0.0,7.071067811865476,1,62,D016_OREF,1,2,D016_OREF_S01,-6970890903738388349,3217844640104493769,D016_OREF_S01_E02
D016,OREF,5,172,1.1256207812140042,141,0.0,0.0,0.0,0,0.0,7.071067811865476,1,63,D016_OREF,2,1,D016_OREF_S02,-4284025502775102652,1965184882535708913,D016_OREF_S02_E01
D016,OREF,5,172,1.1256207812140042,141,0.0,0.0,0.0,0,0.0,7.071067811865476,1,64,D016_OREF,2,2,D016_OREF_S02,-4284025502775102652,-5154987498523660275,D016_OREF_S02_E02
D017,OREF,1,264,0.5359903062194005,141,0.0,0.0,0.0,0,0.0,7.071067811865476,1,65,D017_OREF,1,1,D017_OREF_S01,-1906661074337212387,4207259499100639447,D017_OREF_S01_E01
D017,OREF,1,264,0.5359903062194005,141,0.0,0.0,0.0,0,0.0,7.071067811865476,1,66,D017_OREF,1,2,D017_OREF_S01,-1906661074337212387,-9057901124703248364,D017_OREF_S01_E02
D017,OREF,1,264,0.5359903062194005,141,0.0,0.0,0.0,0,0.0,7.071067811865476,1,67,D017_OREF,2,1,D017_OREF_S02,4596698935788030101,6491825348398863996,D017_OREF_S02_E01
D017,OREF,1,264,0.5359903062194005,141,0.0,0.0,0.0,0,0.0,7.071067811865476,1,68,D017_OREF,2,2,D017_OREF_S02,4596698935788030101,385913163857906885,D017_OREF_S02_E02
D018,OREF,2,309,2.4787057558972783,141,0.0,0.0,0.0,0,0.0,7.071067811865476,1,69,D018_OREF,1,1,D018_OREF_S01,-7594780824771153415,-6603699033857879172,D018_OREF_S01_E01
D018,OREF,2,309,2.4787057558972783,141,0.0,0.0,0.0,0,0.0,7.071067811865476,1,70,D018_OREF,1,2,D018_OREF_S01,-7594780824771153415,3365321584522063397,D018_OREF_S01_E02
D018,OREF,2,309,2.4787057558972783,141,0.0,0.0,0.0,0,0.0,7.071067811865476,1,71,D018_OREF,2,1,D018_OREF_S02,378223615710212458,1698569526529420128,D018_OREF_S02_E01
D018,OREF,2,309,2.4787057558972783,141,0.0,0.0,0.0,0,0.0,7.071067811865476,1,72,D018_OREF,2,2,D018_OREF_S02,378223615710212458,2854057956907354758,D018_OREF_S02_E02
D019,OREF,3,893,0.7259127672148226,141,0.0,0.0,0.0,0,0.0,7.071067811865476,2,73,D019_OREF,1,1,D019_OREF_S01,-6775519201196426359,7243745550257592891,D019_OREF_S01_E01
D019,OREF,3,893,0.7259127672148226,141,0.0,0.0,0.0,0,0.0,7.071067811865476,2,74,D019_OREF,1,2,D019_OREF_S01,-6775519201196426359,-6316007383724643908,D019_OREF_S01_E02
D019,OREF,3,893,0.7259127672148226,141,0.0,0.0,0.0,0,0.0,7.071067811865476,2,75,D019_OREF,2,1,D019_OREF_S02,4845785862760785017,1438324471711506308,D019_OREF_S02_E01
D019,OREF,3,893,0.7259127672148226,141,0.0,0.0,0.0,0,0.0,7.071067811865476,2,76,D019_OREF,2,2,D019_OREF_S02,4845785862760785017,3314492243548252363,D019_OREF_S02_E02
D020,OREF,6,186,1.1191703727404534,141,0.0,0.0,0.0,0,0.0,7.071067811865476,1,77,D020_OREF,1,1,D020_OREF_S01,4796390134718380607,7278595255466754889,D020_OREF_S01_E01
D020,OREF,6,186,1.1191703727404534,141,0.0,0.0,0.0,0,0.0,7.071067811865476,1,78,D020_OREF,1,2,D020_OREF_S01,4796390134718380607,4522944613806882874,D020_OREF_S01_E02
D020,OREF,6,186,1.1191703727404534,141,0.0,0.0,0.0,0,0.0,7.071067811865476,1,79,D020_OREF,2,1,D020_OREF_S02,-5907318944975277321,1824107554323451772,D020_OREF_S02_E01
D020,OREF,6,186,1.1191703727404534,141,0.0,0.0,0.0,0,0.0,7.071067811865476,1,80,D020_OREF,2,2,D020_OREF_S02,-5907318944975277321,3778254164691304617,D020_OREF_S02_E02
D021,OREF,3,997,1.2490893714236586,141,0.0,0.0,0.0,0,0.0,7.071067811865476,2,81,D021_OREF,1,1,D021_OREF_S01,3979359418386914140,5487353900516841397,D021_OREF_S01_E01
D021,OREF,3,997,1.2490893714236586,141,0.0,0.0,0.0,0,0.0,7.071067811865476,2,82,D021_OREF,1,2,D021_OREF_S01,3979359418386914140,7503152894803193280,D021_OREF_S01_E02
D021,OREF,3,997,1.2490893714236586,141,0.0,0.0,0.0,0,0.0,7.071067811865476,2,83,D021_OREF,2,1,D021_OREF_S02,8395154919283631637,6138769349584923466,D021_OREF_S02_E01
D021,OREF,3,997,1.2490893714236586,141,0.0,0.0,0.0,0,0.0,7.071067811865476,2,84,D021_OREF,2,2,D021_OREF_S02,8395154919283631637,1145868634636298975,D021_OREF_S02_E02
D022,OREF,7,488,1.5968643039997048,141,0.0,0.0,0.0,0,0.0,7.071067811865476,1,85,D022_OREF,1,1,D022_OREF_S01,-6920171608199169372,-5245442719313264581,D022_OREF_S01_E01
D022,OREF,7,488,1.5968643039997048,141,0.0,0.0,0.0,0,0.0,7.071067811865476,1,86,D022_OREF,1,2,D022_OREF_S01,-6920171608199169372,612714978544256823,D022_OREF_S01_E02
D022,OREF,7,488,1.5968643039997048,141,0.0,0.0,0.0,0,0.0,7.071067811865476,1,87,D022_OREF,2,1,D022_OREF_S02,-7416579901220908400,7018534304276094307,D022_OREF_S02_E01
D022,OREF,7,488,1.5968643039997048,141,0.0,0.0,0.0,0,0.0,7.071067811865476,1,88,D022_OREF,2,2,D022_OREF_S02,-7416579901220908400,3739539600934617953,D022_OREF_S02_E02
D023,OREF,5,134,6.115431566457319,141,0.0,0.0,0.0,0,0.0,7.071067811865476,1,89,D023_OREF,1,1,D023_OREF_S01,4340881376965949002,-3390747364776807877,D023_OREF_S01_E01
D023,OREF,5,134,6.115431566457319,141,0.0,0.0,0.0,0,0.0,7.071067811865476,1,90,D023_OREF,1,2,D023_OREF_S01,4340881376965949002,-5385358762535054502,D023_OREF_S01_E02
D023,OREF,5,134,6.115431566457319,141,0.0,0.0,0.0,0,0.0,7.071067811865476,1,91,D023_OREF,2,1,D023_OREF_S02,5312681613229011816,8050170972487595556,D023_OREF_S02_E01
D023,OREF,5,134,6.115431566457319,141,0.0,0.0,0.0,0,0.0,7.071067811865476,1,92,D023_OREF,2,2,D023_OREF_S02,5312681613229011816,-5396566010302033130,D023_OREF_S02_E02
D024,OREF,8,72,0.9464511466116003,141,0.0,0.0,0.0,0,0.0,7.071067811865476,1,93,D024_OREF,1,1,D024_OREF_S01,-3876680195284853591,-3251129469093814418,D024_OREF_S01_E01
D024,OREF,8,72,0.9464511466116003,141,0.0,0.0,0.0,0,0.0,7.071067811865476,1,94,D024_OREF,1,2,D024_OREF_S01,-3876680195284853591,-1300652681708134981,D024_OREF_S01_E02
D024,OREF,8,72,0.9464511466116003,141,0.0,0.0,0.0,0,0.0,7.071067811865476,1,95,D024_OREF,2,1,D024_OREF_S02,-8219815686058632713,651247626911650216,D024_OREF_S02_E01
D024,OREF,8,72,0.9464511466116003,141,0.0,0.0,0.0,0,0.0,7.071067811865476,1,96,D024_OREF,2,2,D024_OREF_S02,-8219815686058632713,-2750983496271310053,D024_OREF_S02_E02
D025,OREF,6,105,0.3538754921397691,141,0.0,0.0,0.0,0,0.0,7.071067811865476,1,97,D025_OREF,1,1,D025_OREF_S01,-7639176534123274591,6126542910836468843,D025_OREF_S01_E01
D025,OREF,6,105,0.3538754921397691,141,0.0,0.0,0.0,0,0.0,7.071067811865476,1,98,D025_OREF,1,2,D025_OREF_S01,-7639176534123274591,1236405670985730613,D025_OREF_S01_E02
D025,OREF,6,105,0.3538754921397691,141,0.0,0.0,0.0,0,0.0,7.071067811865476,1,99,D025_OREF,2,1,D025_OREF_S02,7905066168842942201,4654461227041169464,D025_OREF_S02_E01
D025,OREF,6,105,0.3538754921397691,141,0.0,0.0,0.0,0,0.0,7.071067811865476,1,100,D025_OREF,2,2,D025_OREF_S02,7905066168842942201,-4883363896940056185,D025_OREF_S02_E02
D026,OREF,7,296,0.3467384613282838,141,0.0,0.0,0.0,0,0.0,7.071067811865476,1,101,D026_OREF,1,1,D026_OREF_S01,-5173954598442566846,-1010944997148717775,D026_OREF_S01_E01
D026,OREF,7,296,0.3467384613282838,141,0.0,0.0,0.0,0,0.0,7.071067811865476,1,102,D026_OREF,1,2,D026_OREF_S01,-5173954598442566846,1451304803297086636,D026_OREF_S01_E02
D026,OREF,7,296,0.3467384613282838,141,0.0,0.0,0.0,0,0.0,7.071067811865476,1,103,D026_OREF,2,1,D026_OREF_S02,3867438764469206126,-4244151294299675532,D026_OREF_S02_E01
D026,OREF,7,296,0.3467384613282838,141,0.0,0.0,0.0,0,0.0,7.071067811865476,1,104,D026_OREF,2,2,D026_OREF_S02,3867438764469206126,-3912444955876418951,D026_OREF_S02_E02
D027,OREF,3,76,2.340604358827118,141,0.0,0.0,0.0,0,0.0,7.071067811865476,1,105,D027_OREF,1,1,D027_OREF_S01,-5676968397712352069,-6760811174948342689,D027_OREF_S01_E01
D027,OREF,3,76,2.340604358827118,141,0.0,0.0,0.0,0,0.0,7.071067811865476,1,106,D027_OREF,1,2,D027_OREF_S01,-5676968397712352069,-1994012522980080354,D027_OREF_S01_E02
D027,OREF,3,76,2.340604358827118,141,0.0,0.0,0.0,0,0.0,7.071067811865476,1,107,D027_OREF,2,1,D027_OREF_S02,3987510761669973882,8418633797222080837,D027_OREF_S02_E01
D027,OREF,3,76,2.340604358827118,141,0.0,0.0,0.0,0,0.0,7.071067811865476,1,108,D027_OREF,2,2,D027_OREF_S02,3987510761669973882,-2177770920396264453,D027_OREF_S02_E02
D028,OREF,8,95,2.954209361886148,141,0.0,0.0,0.0,0,0.0,7.071067811865476,1,109,D028_OREF,1,1,D028_OREF_S01,-6192221021388190169,5313976173336942204,D028_OREF_S01_E01
D028,OREF,8,95,2.954209361886148,141,0.0,0.0,0.0,0,0.0,7.071067811865476,1,110,D028_OREF,1,2,D028_OREF_S01,-6192221021388190169,-8235746199794594443,D028_OREF_S01_E02
D028,OREF,8,95,2.954209361886148,141,0.0,0.0,0.0,0,0.0,7.071067811865476,1,111,D028_OREF,2,1,D028_OREF_S02,8723427443839579889,260926783340903001,D028_OREF_S02_E01
D028,OREF,8,95,2.954209361886148,141,0.0,0.0,0.0,0,0.0,7.071067811865476,1,112,D028_OREF,2,2,D028_OREF_S02,8723427443839579889,8537932452620958352,D028_OREF_S02_E02
D029,OREF,6,1106,1.2150696843900206,141,0.0,0.0,0.0,0,0.0,7.071067811865476,2,113,D029_OREF,1,1,D029_OREF_S01,-25737327435463729,8410423037373501219,D029_OREF_S01_E01
D029,OREF,6,1106,1.2150696843900206,141,0.0,0.0,0.0,0,0.0,7.071067811865476,2,114,D029_OREF,1,2,D029_OREF_S01,-25737327435463729,-4665817637383035139,D029_OREF_S01_E02
D029,OREF,6,1106,1.2150696843900206,141,0.0,0.0,0.0,0,0.0,7.071067811865476,2,115,D029_OREF,2,1,D029_OREF_S02,3255248315196908,-4348800198999217696,D029_OREF_S02_E01
D029,OREF,6,1106,1.2150696843900206,141,0.0,0.0,0.0,0,0.0,7.071067811865476,2,116,D029_OREF,2,2,D029_OREF_S02,3255248315196908,-8959168429026753151,D029_OREF_S02_E02
D030,OREF,3,921,3.850160423001369,141,0.0,0.0,0.0,0,0.0,7.071067811865476,2,117,D030_OREF,1,1,D030_OREF_S01,-2525462871183807868,4715424723726036852,D030_OREF_S01_E01
D030,OREF,3,921,3.850160423001369,141,0.0,0.0,0.0,0,0.0,7.071067811865476,2,118,D030_OREF,1,2,D030_OREF_S01,-2525462871183807868,-1084324314813759399,D030_OREF_S01_E02
D030,OREF,3,921,3.850160423001369,141,0.0,0.0,0.0,0,0.0,7.071067811865476,2,119,D030_OREF,2,1,D030_OREF_S02,-1790040938967454937,1556760107870991118,D030_OREF_S02_E01
D030,OREF,3,921,3.850160423001369,141,0.0,0.0,0.0,0,0.0,7.071067811865476,2,120,D030_OREF,2,2,D030_OREF_S02,-1790040938967454937,-3558356719752976439,D030_OREF_S02_E02
D031,OREF,2,330,5.500368215908644,141,0.0,0.0,0.0,0,0.0,7.071067811865476,1,121,D031_OREF,1,1,D031_OREF_S01,8340882375432632906,-817118603884405528,D031_OREF_S01_E01
D031,OREF,2,330,5.500368215908644,141,0.0,0.0,0.0,0,0.0,7.071067811865476,1,122,D031_OREF,1,2,D031_OREF_S01,8340882375432632906,-4062856686349983617,D031_OREF_S01_E02
D031,OREF,2,330,5.500368215908644,141,0.0,0.0,0.0,0,0.0,7.071067811865476,1,123,D031_OREF,2,1,D031_OREF_S02,6867253494616981495,3126591906498380904,D031_OREF_S02_E01
D031,OREF,2,330,5.500368215908644,141,0.0,0.0,0.0,0,0.0,7.071067811865476,1,124,D031_OREF,2,2,D031_OREF_S02,6867253494616981495,5833516655949751630,D031_OREF_S02_E02
D032,OREF,8,69,0.6287100103937481,141,0.0,0.0,0.0,0,0.0,7.071067811865476,1,125,D032_OREF,1,1,D032_OREF_S01,7224337068376655001,3639954111893945624,D032_OREF_S01_E01
D032,OREF,8,69,0.6287100103937481,141,0.0,0.0,0.0,0,0.0,7.071067811865476,1,126,D032_OREF,1,2,D032_OREF_S01,7224337068376655001,-2988761224310522307,D032_OREF_S01_E02
D032,OREF,8,69,0.6287100103937481,141,0.0,0.0,0.0,0,0.0,7.071067811865476,1,127,D032_OREF,2,1,D032_OREF_S02,-4230038285906215425,-2226774242056279696,D032_OREF_S02_E01
D032,OREF,8,69,0.6287100103937481,141,0.0,0.0,0.0,0,0.0,7.071067811865476,1,128,D032_OREF,2,2,D032_OREF_S02,-4230038285906215425,-1124340739425459933,D032_OREF_S02_E02
D033,OREF,7,91,2.17495650838662,141,0.0,0.0,0.0,0,0.0,7.071067811865476,1,129,D033_OREF,1,1,D033_OREF_S01,5013097845391933595,-77782500253667618,D033_OREF_S01_E01
D033,OREF,7,91,2.17495650838662,141,0.0,0.0,0.0,0,0.0,7.071067811865476,1,130,D033_OREF,1,2,D033_OREF_S01,5013097845391933595,-9019308736679611533,D033_OREF_S01_E02
D033,OREF,7,91,2.17495650838662,141,0.0,0.0,0.0,0,0.0,7.071067811865476,1,131,D033_OREF,2,1,D033_OREF_S02,-5139643297959666923,5872459302996259043,D033_OREF_S02_E01
D033,OREF,7,91,2.17495650838662,141,0.0,0.0,0.0,0,0.0,7.071067811865476,1,132,D033_OREF,2,2,D033_OREF_S02,-5139643297959666923,-6856169408936913217,D033_OREF_S02_E02
D034,OREF,4,123,0.4969558629423639,141,0.0,0.0,0.0,0,0.0,7.071067811865476,1,133,D034_OREF,1,1,D034_OREF_S01,-4732792651598930445,8776633950907533592,D034_OREF_S01_E01
D034,OREF,4,123,0.4969558629423639,141,0.0,0.0,0.0,0,0.0,7.071067811865476,1,134,D034_OREF,1,2,D034_OREF_S01,-4732792651598930445,6630776419314848592,D034_OREF_S01_E02
D034,OREF,4,123,0.4969558629423639,141,0.0,0.0,0.0,0,0.0,7.071067811865476,1,135,D034_OREF,2,1,D034_OREF_S02,-4833102391984774775,8820781009315732365,D034_OREF_S02_E01
D034,OREF,4,123,0.4969558629423639,141,0.0,0.0,0.0,0,0.0,7.071067811865476,1,136,D034_OREF,2,2,D034_OREF_S02,-4833102391984774775,6483875265648183888,D034_OREF_S02_E02
D035,OREF,1,62,0.3756664481974263,141,0.0,0.0,0.0,0,0.0,7.071067811865476,1,137,D035_OREF,1,1,D035_OREF_S01,-4819812032489699808,706004758369735395,D035_OREF_S01_E01
D035,OREF,1,62,0.3756664481974263,141,0.0,0.0,0.0,0,0.0,7.071067811865476,1,138,D035_OREF,1,2,D035_OREF_S01,-4819812032489699808,-5395849883005807448,D035_OREF_S01_E02
D035,OREF,1,62,0.3756664481974263,141,0.0,0.0,0.0,0,0.0,7.071067811865476,1,139,D035_OREF,2,1,D035_OREF_S02,-2454953254397113166,848046465414393455,D035_OREF_S02_E01
D035,OREF,1,62,0.3756664481974263,141,0.0,0.0,0.0,0,0.0,7.071067811865476,1,140,D035_OREF,2,2,D035_OREF_S02,-2454953254397113166,9050463444553012076,D035_OREF_S02_E02
D036,OREF,6,138,1.9481877687713665,141,0.0,0.0,0.0,0,0.0,7.071067811865476,1,141,D036_OREF,1,1,D036_OREF_S01,-6999325111137136428,3734473840902729852,D036_OREF_S01_E01
D036,OREF,6,138,1.9481877687713665,141,0.0,0.0,0.0,0,0.0,7.071067811865476,1,142,D036_OREF,1,2,D036_OREF_S01,-6999325111137136428,-719918231228482634,D036_OREF_S01_E02
D036,OREF,6,138,1.9481877687713665,141,0.0,0.0,0.0,0,0.0,7.071067811865476,1,143,D036_OREF,2,1,D036_OREF_S02,-6214888133159017056,-8787354723120730088,D036_OREF_S02_E01
D036,OREF,6,138,1.9481877687713665,141,0.0,0.0,0.0,0,0.0,7.071067811865476,1,144,D036_OREF,2,2,D036_OREF_S02,-6214888133159017056,6515569077550913693,D036_OREF_S02_E02
D037,OREF,2,436,3.3355778586571145,141,0.0,0.0,0.0,0,0.0,7.071067811865476,1,145,D037_OREF,1,1,D037_OREF_S01,4537474841571654742,7441891667475879685,D037_OREF_S01_E01
D037,OREF,2,436,3.3355778586571145,141,0.0,0.0,0.0,0,0.0,7.071067811865476,1,146,D037_OREF,1,2,D037_OREF_S01,4537474841571654742,-494261850011070938,D037_OREF_S01_E02
D037,OREF,2,436,3.3355778586571145,141,0.0,0.0,0.0,0,0.0,7.071067811865476,1,147,D037_OREF,2,1,D037_OREF_S02,8650516665366319419,-7112020991962071284,D037_OREF_S02_E01
D037,OREF,2,436,3.3355778586571145,141,0.0,0.0,0.0,0,0.0,7.071067811865476,1,148,D037_OREF,2,2,D037_OREF_S02,8650516665366319419,-6585752965720055000,D037_OREF_S02_E02
D038,OREF,1,86,1.4677737612900763,141,0.0,0.0,0.0,0,0.0,7.071067811865476,1,149,D038_OREF,1,1,D038_OREF_S01,-5209198438964287950,1995586151075073420,D038_OREF_S01_E01
D038,OREF,1,86,1.4677737612900763,141,0.0,0.0,0.0,0,0.0,7.071067811865476,1,150,D038_OREF,1,2,D038_OREF_S01,-5209198438964287950,7725358642438716178,D038_OREF_S01_E02
D038,OREF,1,86,1.4677737612900763,141,0.0,0.0,0.0,0,0.0,7.071067811865476,1,151,D038_OREF,2,1,D038_OREF_S02,-377113175886103780,7701948808205745022,D038_OREF_S02_E01
D038,OREF,1,86,1.4677737612900763,141,0.0,0.0,0.0,0,0.0,7.071067811865476,1,152,D038_OREF,2,2,D038_OREF_S02,-377113175886103780,-2757007642320986464,D038_OREF_S02_E02
D039,OREF,7,767,6.727002821403455,141,0.0,0.0,0.0,0,0.0,7.071067811865476,1,153,D039_OREF,1,1,D039_OREF_S01,-3772695234863146030,-8933947248166651803,D039_OREF_S01_E01
D039,OREF,7,767,6.727002821403455,141,0.0,0.0,0.0,0,0.0,7.071067811865476,1,154,D039_OREF,1,2,D039_OREF_S01,-3772695234863146030,-3739863674630800581,D039_OREF_S01_E02
D039,OREF,7,767,6.727002821403455,141,0.0,0.0,0.0,0,0.0,7.071067811865476,1,155,D039_OREF,2,1,D039_OREF_S02,-3548020698811831802,931481780839093892,D039_OREF_S02_E01
D039,OREF,7,767,6.727002821403455,141,0.0,0.0,0.0,0,0.0,7.071067811865476,1,156,D039_OREF,2,2,D039_OREF_S02,-3548020698811831802,1899167210742953400,D039_OREF_S02_E02
D040,OREF,3,866,0.2640498798233588,141,0.0,0.0,0.0,0,0.0,7.071067811865476,2,157,D040_OREF,1,1,D040_OREF_S01,-9158147095304360268,-5564946755687689022,D040_OREF_S01_E01
D040,OREF,3,866,0.2640498798233588,141,0.0,0.0,0.0,0,0.0,7.071067811865476,2,158,D040_OREF,1,2,D040_OREF_S01,-9158147095304360268,5582313557109840911,D040_OREF_S01_E02
D040,OREF,3,866,0.2640498798233588,141,0.0,0.0,0.0,0,0.0,7.071067811865476,2,159,D040_OREF,2,1,D040_OREF_S02,-2645949580747071991,110947195648188967,D040_OREF_S02_E01
D040,OREF,3,866,0.2640498798233588,141,0.0,0.0,0.0,0,0.0,7.071067811865476,2,160,D040_OREF,2,2,D040_OREF_S02,-2645949580747071991,-8390049237621733897,D040_OREF_S02_E02
D041,OREF,8,148,0.636765119814583,141,0.0,0.0,0.0,0,0.0,7.071067811865476,1,161,D041_OREF,1,1,D041_OREF_S01,-6647358356704070291,1618614664584593560,D041_OREF_S01_E01
D041,OREF,8,148,0.636765119814583,141,0.0,0.0,0.0,0,0.0,7.071067811865476,1,162,D041_OREF,1,2,D041_OREF_S01,-6647358356704070291,-6844092160672072384,D041_OREF_S01_E02
D041,OREF,8,148,0.636765119814583,141,0.0,0.0,0.0,0,0.0,7.071067811865476,1,163,D041_OREF,2,1,D041_OREF_S02,7498306374565851984,-4048318275556254937,D041_OREF_S02_E01
D041,OREF,8,148,0.636765119814583,141,0.0,0.0,0.0,0,0.0,7.071067811865476,1,164,D041_OREF,2,2,D041_OREF_S02,7498306374565851984,3896548780402353886,D041_OREF_S02_E02
D042,OREF,1,1019,4.517436841477769,141,0.0,0.0,0.0,0,0.0,7.071067811865476,2,165,D042_OREF,1,1,D042_OREF_S01,-1155761324837476743,4867919755498393581,D042_OREF_S01_E01
D042,OREF,1,1019,4.517436841477769,141,0.0,0.0,0.0,0,0.0,7.071067811865476,2,166,D042_OREF,1,2,D042_OREF_S01,-1155761324837476743,-7271172767425593495,D042_OREF_S01_E02
D042,OREF,1,1019,4.517436841477769,141,0.0,0.0,0.0,0,0.0,7.071067811865476,2,167,D042_OREF,2,1,D042_OREF_S02,-3715705818742512676,-606434984454992927,D042_OREF_S02_E01
D042,OREF,1,1019,4.517436841477769,141,0.0,0.0,0.0,0,0.0,7.071067811865476,2,168,D042_OREF,2,2,D042_OREF_S02,-3715705818742512676,-544342146825753621,D042_OREF_S02_E02
D043,OREF,7,1175,2.004291590748733,141,0.0,0.0,0.0,0,0.0,7.071067811865476,2,169,D043_OREF,1,1,D043_OREF_S01,6874054046682343632,8382970624925056953,D043_OREF_S01_E01
D043,OREF,7,1175,2.004291590748733,141,0.0,0.0,0.0,0,0.0,7.071067811865476,2,170,D043_OREF,1,2,D043_OREF_S01,6874054046682343632,5510364021707350135,D043_OREF_S01_E02
D043,OREF,7,1175,2.004291590748733,141,0.0,0.0,0.0,0,0.0,7.071067811865476,2,171,D043_OREF,2,1,D043_OREF_S02,-274996123103092506,9002496341092699331,D043_OREF_S02_E01
D043,OREF,7,1175,2.004291590748733,141,0.0,0.0,0.0,0,0.0,7.071067811865476,2,172,D043_OREF,2,2,D043_OREF_S02,-274996123103092506,5676403061172137201,D043_OREF_S02_E02
D044,OREF,5,668,0.860780966173884,141,0.0,0.0,0.0,0,0.0,7.071067811865476,1,173,D044_OREF,1,1,D044_OREF_S01,-8099498987024033625,-4750708857347974424,D044_OREF_S01_E01
D044,OREF,5,668,0.860780966173884,141,0.0,0.0,0.0,0,0.0,7.071067811865476,1,174,D044_OREF,1,2,D044_OREF_S01,-8099498987024033625,8662929327506016420,D044_OREF_S01_E02
D044,OREF,5,668,0.860780966173884,141,0.0,0.0,0.0,0,0.0,7.071067811865476,1,175,D044_OREF,2,1,D044_OREF_S02,6015128942612869981,-2841452837227689705,D044_OREF_S02_E01
D044,OREF,5,668,0.860780966173884,141,0.0,0.0,0.0,0,0.0,7.071067811865476,1,176,D044_OREF,2,2,D044_OREF_S02,6015128942612869981,-2239730465206561306,D044_OREF_S02_E02
D045,OREF,2,646,3.630358006813908,141,0.0,0.0,0.0,0,0.0,7.071067811865476,1,177,D045_OREF,1,1,D045_OREF_S01,9065948446423210715,-8599111775427994580,D045_OREF_S01_E01
D045,OREF,2,646,3.630358006813908,141,0.0,0.0,0.0,0,0.0,7.071067811865476,1,178,D045_OREF,1,2,D045_OREF_S01,9065948446423210715,8349122532450865373,D045_OREF_S01_E02
D045,OREF,2,646,3.630358006813908,141,0.0,0.0,0.0,0,0.0,7.071067811865476,1,179,D045_OREF,2,1,D045_OREF_S02,-3270376486315560141,-3388837069045608202,D045_OREF_S02_E01
D045,OREF,2,646,3.630358006813908,141,0.0,0.0,0.0,0,0.0,7.071067811865476,1,180,D045_OREF,2,2,D045_OREF_S02,-3270376486315560141,-8418215396721302697,D045_OREF_S02_E02
D046,OREF,2,64,0.689220512318399,141,0.0,0.0,0.0,0,0.0,7.071067811865476,1,181,D046_OREF,1,1,D046_OREF_S01,-3192813630511490941,-1815060222527156930,D046_OREF_S01_E01
D046,OREF,2,64,0.689220512318399,141,0.0,0.0,0.0,0,0.0,7.071067811865476,1,182,D046_OREF,1,2,D046_OREF_S01,-3192813630511490941,-1996009577690988022,D046_OREF_S01_E02
D046,OREF,2,64,0.689220512318399,141,0.0,0.0,0.0,0,0.0,7.071067811865476,1,183,D046_OREF,2,1,D046_OREF_S02,-312419913246258669,-7908173976412958353,D046_OREF_S02_E01
D046,OREF,2,64,0.689220512318399,141,0.0,0.0,0.0,0,0.0,7.071067811865476,1,184,D046_OREF,2,2,D046_OREF_S02,-312419913246258669,5595689390388591539,D046_OREF_S02_E02
D047,OREF,7,115,7.623590142149397,141,0.0,0.0,0.0,0,0.0,7.071067811865476,1,185,D047_OREF,1,1,D047_OREF_S01,-1089414669110317709,5002692366215624647,D047_OREF_S01_E01
D047,OREF,7,115,7.623590142149397,141,0.0,0.0,0.0,0,0.0,7.071067811865476,1,186,D047_OREF,1,2,D047_OREF_S01,-1089414669110317709,-2646141812937883785,D047_OREF_S01_E02
D047,OREF,7,115,7.623590142149397,141,0.0,0.0,0.0,0,0.0,7.071067811865476,1,187,D047_OREF,2,1,D047_OREF_S02,-4904402929574998067,4780857764082110206,D047_OREF_S02_E01
D047,OREF,7,115,7.623590142149397,141,0.0,0.0,0.0,0,0.0,7.071067811865476,1,188,D047_OREF,2,2,D047_OREF_S02,-4904402929574998067,1218209942586001394,D047_OREF_S02_E02
D048,OREF,7,580,0.5089873264201031,141,0.0,0.0,0.0,0,0.0,7.071067811865476,1,189,D048_OREF,1,1,D048_OREF_S01,5480966146626624539,-3728843978048392212,D048_OREF_S01_E01
D048,OREF,7,580,0.5089873264201031,141,0.0,0.0,0.0,0,0.0,7.071067811865476,1,190,D048_OREF,1,2,D048_OREF_S01,5480966146626624539,7099314808957327384,D048_OREF_S01_E02
D048,OREF,7,580,0.5089873264201031,141,0.0,0.0,0.0,0,0.0,7.071067811865476,1,191,D048_OREF,2,1,D048_OREF_S02,-7567455392600414236,7954378689153360515,D048_OREF_S02_E01
D048,OREF,7,580,0.5089873264201031,141,0.0,0.0,0.0,0,0.0,7.071067811865476,1,192,D048_OREF,2,2,D048_OREF_S02,-7567455392600414236,-6036058586946235800,D048_OREF_S02_E02
D049,OREF,3,728,5.019002324644176,141,0.0,0.0,0.0,0,0.0,7.071067811865476,1,193,D049_OREF,1,1,D049_OREF_S01,-2252213606614664527,-2663470012915984289,D049_OREF_S01_E01
D049,OREF,3,728,5.019002324644176,141,0.0,0.0,0.0,0,0.0,7.071067811865476,1,194,D049_OREF,1,2,D049_OREF_S01,-2252213606614664527,-3441953781831966664,D049_OREF_S01_E02
D049,OREF,3,728,5.019002324644176,141,0.0,0.0,0.0,0,0.0,7.071067811865476,1,195,D049_OREF,2,1,D049_OREF_S02,1777051071970291890,9108887915914332749,D049_OREF_S02_E01
D049,OREF,3,728,5.019002324644176,141,0.0,0.0,0.0,0,0.0,7.071067811865476,1,196,D049_OREF,2,2,D049_OREF_S02,1777051071970291890,-7250778200980795977,D049_OREF_S02_E02
D050,OREF,2,156,0.8970348445560526,141,0.0,0.0,0.0,0,0.0,7.071067811865476,1,197,D050_OREF,1,1,D050_OREF_S01,-7340878858907754925,5625748497733652154,D050_OREF_S01_E01
D050,OREF,2,156,0.8970348445560526,141,0.0,0.0,0.0,0,0.0,7.071067811865476,1,198,D050_OREF,1,2,D050_OREF_S01,-7340878858907754925,4884463687971152312,D050_OREF_S01_E02
D050,OREF,2,156,0.8970348445560526,141,0.0,0.0,0.0,0,0.0,7.071067811865476,1,199,D050_OREF,2,1,D050_OREF_S02,-9108289361078523910,1863245049032736541,D050_OREF_S02_E01
D050,OREF,2,156,0.8970348445560526,141,0.0,0.0,0.0,0,0.0,7.071067811865476,1,200,D050_OREF,2,2,D050_OREF_S02,-9108289361078523910,1460940070601057559,D050_OREF_S02_E02
D051,OREF,7,279,0.2895125220029559,141,0.0,0.0,0.0,0,0.0,7.071067811865476,1,201,D051_OREF,1,1,D051_OREF_S01,7014458268909186789,-3277016654252629664,D051_OREF_S01_E01
D051,OREF,7,279,0.2895125220029559,141,0.0,0.0,0.0,0,0.0,7.071067811865476,1,202,D051_OREF,1,2,D051_OREF_S01,7014458268909186789,2384323522239934364,D051_OREF_S01_E02
D051,OREF,7,279,0.2895125220029559,141,0.0,0.0,0.0,0,0.0,7.071067811865476,1,203,D051_OREF,2,1,D051_OREF_S02,-2794737798526434183,-185365800160884970,D051_OREF_S02_E01
D051,OREF,7,279,0.2895125220029559,141,0.0,0.0,0.0,0,0.0,7.071067811865476,1,204,D051_OREF,2,2,D051_OREF_S02,-2794737798526434183,6515704672082686141,D051_OREF_S02_E02
D052,OREF,2,65,3.950760672517617,141,0.0,0.0,0.0,0,0.0,7.071067811865476,1,205,D052_OREF,1,1,D052_OREF_S01,8648893995114802787,4979923757164018162,D052_OREF_S01_E01
D052,OREF,2,65,3.950760672517617,141,0.0,0.0,0.0,0,0.0,7.071067811865476,1,206,D052_OREF,1,2,D052_OREF_S01,8648893995114802787,-384148062608016527,D052_OREF_S01_E02
D052,OREF,2,65,3.950760672517617,141,0.0,0.0,0.0,0,0.0,7.071067811865476,1,207,D052_OREF,2,1,D052_OREF_S02,-3772326351611652595,-734589128124282829,D052_OREF_S02_E01
D052,OREF,2,65,3.950760672517617,141,0.0,0.0,0.0,0,0.0,7.071067811865476,1,208,D052_OREF,2,2,D052_OREF_S02,-3772326351611652595,-75257611685637729,D052_OREF_S02_E02
D053,OREF,3,97,4.671557450160866,141,0.0,0.0,0.0,0,0.0,7.071067811865476,1,209,D053_OREF,1,1,D053_OREF_S01,2062195866385712106,-6441331024066250219,D053_OREF_S01_E01
D053,OREF,3,97,4.671557450160866,141,0.0,0.0,0.0,0,0.0,7.071067811865476,1,210,D053_OREF,1,2,D053_OREF_S01,2062195866385712106,-8129533330140793507,D053_OREF_S01_E02
D053,OREF,3,97,4.671557450160866,141,0.0,0.0,0.0,0,0.0,7.071067811865476,1,211,D053_OREF,2,1,D053_OREF_S02,3970246927792607480,-5457820190369060418,D053_OREF_S02_E01
D053,OREF,3,97,4.671557450160866,141,0.0,0.0,0.0,0,0.0,7.071067811865476,1,212,D053_OREF,2,2,D053_OREF_S02,3970246927792607480,5628739508174026462,D053_OREF_S02_E02
D054,OREF,2,596,4.175058528989578,141,0.0,0.0,0.0,0,0.0,7.071067811865476,1,213,D054_OREF,1,1,D054_OREF_S01,7993622916416404926,6443432922196584935,D054_OREF_S01_E01
D054,OREF,2,596,4.175058528989578,141,0.0,0.0,0.0,0,0.0,7.071067811865476,1,214,D054_OREF,1,2,D054_OREF_S01,7993622916416404926,8819492144828715541,D054_OREF_S01_E02
D054,OREF,2,596,4.175058528989578,141,0.0,0.0,0.0,0,0.0,7.071067811865476,1,215,D054_OREF,2,1,D054_OREF_S02,8375370355383722214,2792169354710865405,D054_OREF_S02_E01
D054,OREF,2,596,4.175058528989578,141,0.0,0.0,0.0,0,0.0,7.071067811865476,1,216,D054_OREF,2,2,D054_OREF_S02,8375370355383722214,7663200028565649144,D054_OREF_S02_E02
D055,OREF,5,813,0.3699601026109697,141,0.0,0.0,0.0,0,0.0,7.071067811865476,2,217,D055_OREF,1,1,D055_OREF_S01,-8569929603746262600,-1475730560768924980,D055_OREF_S01_E01
D055,OREF,5,813,0.3699601026109697,141,0.0,0.0,0.0,0,0.0,7.071067811865476,2,218,D055_OREF,1,2,D055_OREF_S01,-8569929603746262600,-3743456713370620376,D055_OREF_S01_E02
D055,OREF,5,813,0.3699601026109697,141,0.0,0.0,0.0,0,0.0,7.071067811865476,2,219,D055_OREF,2,1,D055_OREF_S02,8965160893672319184,-3027627764018865336,D055_OREF_S02_E01
D055,OREF,5,813,0.3699601026109697,141,0.0,0.0,0.0,0,0.0,7.071067811865476,2,220,D055_OREF,2,2,D055_OREF_S02,8965160893672319184,2249113844812350704,D055_OREF_S02_E02
D056,OREF,8,119,4.760316179618261,141,0.0,0.0,0.0,0,0.0,7.071067811865476,1,221,D056_OREF,1,1,D056_OREF_S01,605357306770364645,-2195878506425023599,D056_OREF_S01_E01
D056,OREF,8,119,4.760316179618261,141,0.0,0.0,0.0,0,0.0,7.071067811865476,1,222,D056_OREF,1,2,D056_OREF_S01,605357306770364645,2516036941307661828,D056_OREF_S01_E02
D056,OREF,8,119,4.760316179618261,141,0.0,0.0,0.0,0,0.0,7.071067811865476,1,223,D056_OREF,2,1,D056_OREF_S02,-5624609903657603373,-4428538446864084963,D056_OREF_S02_E01
D056,OREF,8,119,4.760316179618261,141,0.0,0.0,0.0,0,0.0,7.071067811865476,1,224,D056_OREF,2,2,D056_OREF_S02,-5624609903657603373,5638513805148350456,D056_OREF_S02_E02
D057,OREF,6,245,0.4586568583379197,141,0.0,0.0,0.0,0,0.0,7.071067811865476,1,225,D057_OREF,1,1,D057_OREF_S01,4908703030484757150,9018413462890126686,D057_OREF_S01_E01
D057,OREF,6,245,0.4586568583379197,141,0.0,0.0,0.0,0,0.0,7.071067811865476,1,226,D057_OREF,1,2,D057_OREF_S01,4908703030484757150,348852835282979465,D057_OREF_S01_E02
D057,OREF,6,245,0.4586568583379197,141,0.0,0.0,0.0,0,0.0,7.071067811865476,1,227,D057_OREF,2,1,D057_OREF_S02,-3836461953743692319,-7215666579628004763,D057_OREF_S02_E01
D057,OREF,6,245,0.4586568583379197,141,0.0,0.0,0.0,0,0.0,7.071067811865476,1,228,D057_OREF,2,2,D057_OREF_S02,-3836461953743692319,-390437014481390530,D057_OREF_S02_E02
D058,OREF,5,730,0.5235792542912011,141,0.0,0.0,0.0,0,0.0,7.071067811865476,1,229,D058_OREF,1,1,D058_OREF_S01,-8570968360796702745,-7263989307298279491,D058_OREF_S01_E01
D058,OREF,5,730,0.5235792542912011,141,0.0,0.0,0.0,0,0.0,7.071067811865476,1,230,D058_OREF,1,2,D058_OREF_S01,-8570968360796702745,9197779480643340791,D058_OREF_S01_E02
D058,OREF,5,730,0.5235792542912011,141,0.0,0.0,0.0,0,0.0,7.071067811865476,1,231,D058_OREF,2,1,D058_OREF_S02,-1501449058199018002,-5635452532089793855,D058_OREF_S02_E01
D058,OREF,5,730,0.5235792542912011,141,0.0,0.0,0.0,0,0.0,7.071067811865476,1,232,D058_OREF,2,2,D058_OREF_S02,-1501449058199018002,2325263646917683613,D058_OREF_S02_E02
D059,OREF,4,449,5.169287774993541,141,0.0,0.0,0.0,0,0.0,7.071067811865476,1,233,D059_OREF,1,1,D059_OREF_S01,1335709789463950826,-2173503445968273546,D059_OREF_S01_E01
D059,OREF,4,449,5.169287774993541,141,0.0,0.0,0.0,0,0.0,7.071067811865476,1,234,D059_OREF,1,2,D059_OREF_S01,1335709789463950826,-7609918646424673630,D059_OREF_S01_E02
D059,OREF,4,449,5.169287774993541,141,0.0,0.0,0.0,0,0.0,7.071067811865476,1,235,D059_OREF,2,1,D059_OREF_S02,-2334036065208882511,7403476557111038432,D059_OREF_S02_E01
D059,OREF,4,449,5.169287774993541,141,0.0,0.0,0.0,0,0.0,7.071067811865476,1,236,D059_OREF,2,2,D059_OREF_S02,-2334036065208882511,220506569993040376,D059_OREF_S02_E02
D060,OREF,4,126,0.2787887841683172,141,0.0,0.0,0.0,0,0.0,7.071067811865476,1,237,D060_OREF,1,1,D060_OREF_S01,-3192935044290642058,7033362172297978284,D060_OREF_S01_E01
D060,OREF,4,126,0.2787887841683172,141,0.0,0.0,0.0,0,0.0,7.071067811865476,1,238,D060_OREF,1,2,D060_OREF_S01,-3192935044290642058,7886118932134982347,D060_OREF_S01_E02
D060,OREF,4,126,0.2787887841683172,141,0.0,0.0,0.0,0,0.0,7.071067811865476,1,239,D060_OREF,2,1,D060_OREF_S02,8975853032869218982,-8906513828184604615,D060_OREF_S02_E01
D060,OREF,4,126,0.2787887841683172,141,0.0,0.0,0.0,0,0.0,7.071067811865476,1,240,D060_OREF,2,2,D060_OREF_S02,8975853032869218982,945363164577553844,D060_OREF_S02_E02
D061,OREF,6,82,5.483340062287127,141,0.0,0.0,0.0,0,0.0,7.071067811865476,1,241,D061_OREF,1,1,D061_OREF_S01,-8626632733618902609,317443270170126497,D061_OREF_S01_E01
D061,OREF,6,82,5.483340062287127,141,0.0,0.0,0.0,0,0.0,7.071067811865476,1,242,D061_OREF,1,2,D061_OREF_S01,-8626632733618902609,3692133192576937555,D061_OREF_S01_E02
D061,OREF,6,82,5.483340062287127,141,0.0,0.0,0.0,0,0.0,7.071067811865476,1,243,D061_OREF,2,1,D061_OREF_S02,-6136660810017545258,4359708950071901172,D061_OREF_S02_E01
D061,OREF,6,82,5.483340062287127,141,0.0,0.0,0.0,0,0.0,7.071067811865476,1,244,D061_OREF,2,2,D061_OREF_S02,-6136660810017545258,5860329629239246881,D061_OREF_S02_E02
D062,OREF,6,235,4.00317557648578,141,0.0,0.0,0.0,0,0.0,7.071067811865476,1,245,D062_OREF,1,1,D062_OREF_S01,-7473182658356478779,-2568762673584838212,D062_OREF_S01_E01
D062,OREF,6,235,4.00317557648578,141,0.0,0.0,0.0,0,0.0,7.071067811865476,1,246,D062_OREF,1,2,D062_OREF_S01,-7473182658356478779,-5109270660062982687,D062_OREF_S01_E02
D062,OREF,6,235,4.00317557648578,141,0.0,0.0,0.0,0,0.0,7.071067811865476,1,247,D062_OREF,2,1,D062_OREF_S02,-6539742073046723417,-2565854600029915791,D062_OREF_S02_E01
D062,OREF,6,235,4.00317557648578,141,0.0,0.0,0.0,0,0.0,7.071067811865476,1,248,D062_OREF,2,2,D062_OREF_S02,-6539742073046723417,2263737750717613852,D062_OREF_S02_E02
D063,OREF,3,176,0.4203363271807968,141,0.0,0.0,0.0,0,0.0,7.071067811865476,1,249,D063_OREF,1,1,D063_OREF_S01,-5327063937102169527,-2526813559775143375,D063_OREF_S01_E01
D063,OREF,3,176,0.4203363271807968,141,0.0,0.0,0.0,0,0.0,7.071067811865476,1,250,D063_OREF,1,2,D063_OREF_S01,-5327063937102169527,9015230918899674070,D063_OREF_S01_E02
D063,OREF,3,176,0.4203363271807968,141,0.0,0.0,0.0,0,0.0,7.071067811865476,1,251,D063_OREF,2,1,D063_OREF_S02,-3918666367942201183,-2459082280340460891,D063_OREF_S02_E01
D063,OREF,3,176,0.4203363271807968,141,0.0,0.0,0.0,0,0.0,7.071067811865476,1,252,D063_OREF,2,2,D063_OREF_S02,-3918666367942201183,-7451401209408021319,D063_OREF_S02_E02
D064,OREF,8,192,2.2398170713752403,141,0.0,0.0,0.0,0,0.0,7.071067811865476,1,253,D064_OREF,1,1,D064_OREF_S01,-3759419981829005040,-6422950647639887474,D064_OREF_S01_E01
D064,OREF,8,192,2.2398170713752403,141,0.0,0.0,0.0,0,0.0,7.071067811865476,1,254,D064_OREF,1,2,D064_OREF_S01,-3759419981829005040,7387772285562914459,D064_OREF_S01_E02
D064,OREF,8,192,2.2398170713752403,141,0.0,0.0,0.0,0,0.0,7.071067811865476,1,255,D064_OREF,2,1,D064_OREF_S02,4498966303529586290,-5855798638251284447,D064_OREF_S02_E01
D064,OREF,8,192,2.2398170713752403,141,0.0,0.0,0.0,0,0.0,7.071067811865476,1,256,D064_OREF,2,2,D064_OREF_S02,4498966303529586290,7995067787282253247,D064_OREF_S02_E02
D065,OREF,3,404,0.4821112766172324,141,0.0,0.0,0.0,0,0.0,7.071067811865476,1,257,D065_OREF,1,1,D065_OREF_S01,2380409575184784546,29715235579612111,D065_OREF_S01_E01
D065,OREF,3,404,0.4821112766172324,141,0.0,0.0,0.0,0,0.0,7.071067811865476,1,258,D065_OREF,1,2,D065_OREF_S01,2380409575184784546,-4516134654029190147,D065_OREF_S01_E02
D065,OREF,3,404,0.4821112766172324,141,0.0,0.0,0.0,0,0.0,7.071067811865476,1,259,D065_OREF,2,1,D065_OREF_S02,730558277094824585,-2667915830393180017,D065_OREF_S02_E01
D065,OREF,3,404,0.4821112766172324,141,0.0,0.0,0.0,0,0.0,7.071067811865476,1,260,D065_OREF,2,2,D065_OREF_S02,730558277094824585,-2427164588599966427,D065_OREF_S02_E02
D066,OREF,8,692,5.932701376251418,141,0.0,0.0,0.0,0,0.0,7.071067811865476,1,261,D066_OREF,1,1,D066_OREF_S01,7017788162223150923,6563990950672884854,D066_OREF_S01_E01
D066,OREF,8,692,5.932701376251418,141,0.0,0.0,0.0,0,0.0,7.071067811865476,1,262,D066_OREF,1,2,D066_OREF_S01,7017788162223150923,-6138069060166856117,D066_OREF_S01_E02
D066,OREF,8,692,5.932701376251418,141,0.0,0.0,0.0,0,0.0,7.071067811865476,1,263,D066_OREF,2,1,D066_OREF_S02,-2825327410814367283,-4328540393714774642,D066_OREF_S02_E01
D066,OREF,8,692,5.932701376251418,141,0.0,0.0,0.0,0,0.0,7.071067811865476,1,264,D066_OREF,2,2,D066_OREF_S02,-2825327410814367283,-6356780426119299705,D066_OREF_S02_E02
D067,OREF,2,129,6.295891121593577,141,0.0,0.0,0.0,0,0.0,7.071067811865476,1,265,D067_OREF,1,1,D067_OREF_S01,7797513523131382719,-5950124828517344530,D067_OREF_S01_E01
D067,OREF,2,129,6.295891121593577,141,0.0,0.0,0.0,0,0.0,7.071067811865476,1,266,D067_OREF,1,2,D067_OREF_S01,7797513523131382719,3860504278451605997,D067_OREF_S01_E02
D067,OREF,2,129,6.295891121593577,141,0.0,0.0,0.0,0,0.0,7.071067811865476,1,267,D067_OREF,2,1,D067_OREF_S02,-6190109054571628199,3547083593761655652,D067_OREF_S02_E01
D067,OREF,2,129,6.295891121593577,141,0.0,0.0,0.0,0,0.0,7.071067811865476,1,268,D067_OREF,2,2,D067_OREF_S02,-6190109054571628199,6520536206115394754,D067_OREF_S02_E02
D068,OREF,7,1076,3.0745947712860904,141,0.0,0.0,0.0,0,0.0,7.071067811865476,2,269,D068_OREF,1,1,D068_OREF_S01,-8705704730585845874,2355658901163404311,D068_OREF_S01_E01
D068,OREF,7,1076,3.0745947712860904,141,0.0,0.0,0.0,0,0.0,7.071067811865476,2,270,D068_OREF,1,2,D068_OREF_S01,-8705704730585845874,-8935253178052855000,D068_OREF_S01_E02
D068,OREF,7,1076,3.0745947712860904,141,0.0,0.0,0.0,0,0.0,7.071067811865476,2,271,D068_OREF,2,1,D068_OREF_S02,-3200135120738487654,1644879446936380333,D068_OREF_S02_E01
D068,OREF,7,1076,3.0745947712860904,141,0.0,0.0,0.0,0,0.0,7.071067811865476,2,272,D068_OREF,2,2,D068_OREF_S02,-3200135120738487654,-7846557639349488635,D068_OREF_S02_E02
D069,OREF,8,548,1.270476056454376,141,0.0,0.0,0.0,0,0.0,7.071067811865476,1,273,D069_OREF,1,1,D069_OREF_S01,4509337456328948091,-4261672657815184252,D069_OREF_S01_E01
D069,OREF,8,548,1.270476056454376,141,0.0,0.0,0.0,0,0.0,7.071067811865476,1,274,D069_OREF,1,2,D069_OREF_S01,4509337456328948091,-472994620879023261,D069_OREF_S01_E02
D069,OREF,8,548,1.270476056454376,141,0.0,0.0,0.0,0,0.0,7.071067811865476,1,275,D069_OREF,2,1,D069_OREF_S02,3848911187791244562,-642018436339244415,D069_OREF_S02_E01
D069,OREF,8,548,1.270476056454376,141,0.0,0.0,0.0,0,0.0,7.071067811865476,1,276,D069_OREF,2,2,D069_OREF_S02,3848911187791244562,2004889062494254664,D069_OREF_S02_E02
D070,OREF,1,289,0.8872791936429235,141,0.0,0.0,0.0,0,0.0,7.071067811865476,1,277,D070_OREF,1,1,D070_OREF_S01,-6967269111304898122,-7695958304007869940,D070_OREF_S01_E01
D070,OREF,1,289,0.8872791936429235,141,0.0,0.0,0.0,0,0.0,7.071067811865476,1,278,D070_OREF,1,2,D070_OREF_S01,-6967269111304898122,8906360499755796676,D070_OREF_S01_E02
D070,OREF,1,289,0.8872791936429235,141,0.0,0.0,0.0,0,0.0,7.071067811865476,1,279,D070_OREF,2,1,D070_OREF_S02,-3626647618589520421,8562733498381309190,D070_OREF_S02_E01
D070,OREF,1,289,0.8872791936429235,141,0.0,0.0,0.0,0,0.0,7.071067811865476,1,280,D070_OREF,2,2,D070_OREF_S02,-3626647618589520421,8116170177943069454,D070_OREF_S02_E02
D071,OREF,1,110,1.8854087930050727,141,0.0,0.0,0.0,0,0.0,7.071067811865476,1,281,D071_OREF,1,1,D071_OREF_S01,1594264064946647522,4919263881562275845,D071_OREF_S01_E01
D071,OREF,1,110,1.8854087930050727,141,0.0,0.0,0.0,0,0.0,7.071067811865476,1,282,D071_OREF,1,2,D071_OREF_S01,1594264064946647522,6625221561384166017,D071_OREF_S01_E02
D071,OREF,1,110,1.8854087930050727,141,0.0,0.0,0.0,0,0.0,7.071067811865476,1,283,D071_OREF,2,1,D071_OREF_S02,3404329913356967567,-1938797541521531147,D071_OREF_S02_E01
D071,OREF,1,110,1.8854087930050727,141,0.0,0.0,0.0,0,0.0,7.071067811865476,1,284,D071_OREF,2,2,D071_OREF_S02,3404329913356967567,-7382221857391338550,D071_OREF_S02_E02
D072,OREF,2,70,1.4158049041742915,141,0.0,0.0,0.0,0,0.0,7.071067811865476,1,285,D072_OREF,1,1,D072_OREF_S01,881554564046626361,-4654446373202824955,D072_OREF_S01_E01
D072,OREF,2,70,1.4158049041742915,141,0.0,0.0,0.0,0,0.0,7.071067811865476,1,286,D072_OREF,1,2,D072_OREF_S01,881554564046626361,288777061829231883,D072_OREF_S01_E02
D072,OREF,2,70,1.4158049041742915,141,0.0,0.0,0.0,0,0.0,7.071067811865476,1,287,D072_OREF,2,1,D072_OREF_S02,3457437174786292033,-6352690551200330687,D072_OREF_S02_E01
D072,OREF,2,70,1.4158049041742915,141,0.0,0.0,0.0,0,0.0,7.071067811865476,1,288,D072_OREF,2,2,D072_OREF_S02,3457437174786292033,-8399497116346482624,D072_OREF_S02_E02
D073,OREF,5,251,0.6573044905229243,141,0.0,0.0,0.0,0,0.0,7.071067811865476,1,289,D073_OREF,1,1,D073_OREF_S01,8609407786558436065,2038401585503523414,D073_OREF_S01_E01
D073,OREF,5,251,0.6573044905229243,141,0.0,0.0,0.0,0,0.0,7.071067811865476,1,290,D073_OREF,1,2,D073_OREF_S01,8609407786558436065,-6431394293913427991,D073_OREF_S01_E02
D073,OREF,5,251,0.6573044905229243,141,0.0,0.0,0.0,0,0.0,7.071067811865476,1,291,D073_OREF,2,1,D073_OREF_S02,9100017161288261022,-9111320018284969446,D073_OREF_S02_E01
D073,OREF,5,251,0.6573044905229243,141,0.0,0.0,0.0,0,0.0,7.071067811865476,1,292,D073_OREF,2,2,D073_OREF_S02,9100017161288261022,-4323145218832482859,D073_OREF_S02_E02
D074,OREF,7,793,2.6020488725881306,141,0.0,0.0,0.0,0,0.0,7.071067811865476,2,293,D074_OREF,1,1,D074_OREF_S01,5229959634832943237,8960021999446280418,D074_OREF_S01_E01
D074,OREF,7,793,2.6020488725881306,141,0.0,0.0,0.0,0,0.0,7.071067811865476,2,294,D074_OREF,1,2,D074_OREF_S01,5229959634832943237,-3149831410912747850,D074_OREF_S01_E02
D074,OREF,7,793,2.6020488725881306,141,0.0,0.0,0.0,0,0.0,7.071067811865476,2,295,D074_OREF,2,1,D074_OREF_S02,1952973981168640637,6536357722524851745,D074_OREF_S02_E01
D074,OREF,7,793,2.6020488725881306,141,0.0,0.0,0.0,0,0.0,7.071067811865476,2,296,D074_OREF,2,2,D074_OREF_S02,1952973981168640637,-7675853877425145745,D074_OREF_S02_E02
D075,OREF,5,214,0.4003447050394604,141,0.0,0.0,0.0,0,0.0,7.071067811865476,1,297,D075_OREF,1,1,D075_OREF_S01,-6081085195751835731,-8687167738580081651,D075_OREF_S01_E01
D075,OREF,5,214,0.4003447050394604,141,0.0,0.0,0.0,0,0.0,7.071067811865476,1,298,D075_OREF,1,2,D075_OREF_S01,-6081085195751835731,7459332428393027426,D075_OREF_S01_E02
D075,OREF,5,214,0.4003447050394604,141,0.0,0.0,0.0,0,0.0,7.071067811865476,1,299,D075_OREF,2,1,D075_OREF_S02,5235614948350662977,-9143522443046236065,D075_OREF_S02_E01
D075,OREF,5,214,0.4003447050394604,141,0.0,0.0,0.0,0,0.0,7.071067811865476,1,300,D075_OREF,2,2,D075_OREF_S02,5235614948350662977,-6248303417274127899,D075_OREF_S02_E02
D076,OREF,6,605,0.4277616560971717,141,0.0,0.0,0.0,0,0.0,7.071067811865476,1,301,D076_OREF,1,1,D076_OREF_S01,-292030542818139668,5439874913092536836,D076_OREF_S01_E01
D076,OREF,6,605,0.4277616560971717,141,0.0,0.0,0.0,0,0.0,7.071067811865476,1,302,D076_OREF,1,2,D076_OREF_S01,-292030542818139668,-8341179868876826802,D076_OREF_S01_E02
D076,OREF,6,605,0.4277616560971717,141,0.0,0.0,0.0,0,0.0,7.071067811865476,1,303,D076_OREF,2,1,D076_OREF_S02,-5682412737040471460,3356730416979970925,D076_OREF_S02_E01
D076,OREF,6,605,0.4277616560971717,141,0.0,0.0,0.0,0,0.0,7.071067811865476,1,304,D076_OREF,2,2,D076_OREF_S02,-5682412737040471460,-4057001104006772385,D076_OREF_S02_E02
D077,OREF,2,230,2.845107803723101,141,0.0,0.0,0.0,0,0.0,7.071067811865476,1,305,D077_OREF,1,1,D077_OREF_S01,-1566981823091501456,-989124040118598661,D077_OREF_S01_E01
D077,OREF,2,230,2.845107803723101,141,0.0,0.0,0.0,0,0.0,7.071067811865476,1,306,D077_OREF,1,2,D077_OREF_S01,-1566981823091501456,-630314093525617807,D077_OREF_S01_E02
D077,OREF,2,230,2.845107803723101,141,0.0,0.0,0.0,0,0.0,7.071067811865476,1,307,D077_OREF,2,1,D077_OREF_S02,1220102324214029448,4251703460724513740,D077_OREF_S02_E01
D077,OREF,2,230,2.845107803723101,141,0.0,0.0,0.0,0,0.0,7.071067811865476,1,308,D077_OREF,2,2,D077_OREF_S02,1220102324214029448,-6541162295095571941,D077_OREF_S02_E02
D078,OREF,8,257,1.0207543651144704,141,0.0,0.0,0.0,0,0.0,7.071067811865476,1,309,D078_OREF,1,1,D078_OREF_S01,-5203516698943889828,-4104234795989734052,D078_OREF_S01_E01
D078,OREF,8,257,1.0207543651144704,141,0.0,0.0,0.0,0,0.0,7.071067811865476,1,310,D078_OREF,1,2,D078_OREF_S01,-5203516698943889828,2962847006824002471,D078_OREF_S01_E02
D078,OREF,8,257,1.0207543651144704,141,0.0,0.0,0.0,0,0.0,7.071067811865476,1,311,D078_OREF,2,1,D078_OREF_S02,-2345796819142529736,9220755369620849992,D078_OREF_S02_E01
D078,OREF,8,257,1.0207543651144704,141,0.0,0.0,0.0,0,0.0,7.071067811865476,1,312,D078_OREF,2,2,D078_OREF_S02,-2345796819142529736,-7757557604606701950,D078_OREF_S02_E02
D079,OREF,4,505,6.50181619736791,141,0.0,0.0,0.0,0,0.0,7.071067811865476,1,313,D079_OREF,1,1,D079_OREF_S01,5812673181847705985,-7493559086760357113,D079_OREF_S01_E01
D079,OREF,4,505,6.50181619736791,141,0.0,0.0,0.0,0,0.0,7.071067811865476,1,314,D079_OREF,1,2,D079_OREF_S01,5812673181847705985,-4592079994594978255,D079_OREF_S01_E02
D079,OREF,4,505,6.50181619736791,141,0.0,0.0,0.0,0,0.0,7.071067811865476,1,315,D079_OREF,2,1,D079_OREF_S02,2044309391002053546,-8000508747381557763,D079_OREF_S02_E01
D079,OREF,4,505,6.50181619736791,141,0.0,0.0,0.0,0,0.0,7.071067811865476,1,316,D079_OREF,2,2,D079_OREF_S02,2044309391002053546,-6402077223925164905,D079_OREF_S02_E02
D080,OREF,6,108,0.8351147598041135,141,0.0,0.0,0.0,0,0.0,7.071067811865476,1,317,D080_OREF,1,1,D080_OREF_S01,-5337158087876630053,-793162598771610737,D080_OREF_S01_E01
D080,OREF,6,108,0.8351147598041135,141,0.0,0.0,0.0,0,0.0,7.071067811865476,1,318,D080_OREF,1,2,D080_OREF_S01,-5337158087876630053,-5972540859527997780,D080_OREF_S01_E02
D080,OREF,6,108,0.8351147598041135,141,0.0,0.0,0.0,0,0.0,7.071067811865476,1,319,D080_OREF,2,1,D080_OREF_S02,7031760236581179052,8987094431400905873,D080_OREF_S02_E01
D080,OREF,6,108,0.8351147598041135,141,0.0,0.0,0.0,0,0.0,7.071067811865476,1,320,D080_OREF,2,2,D080_OREF_S02,7031760236581179052,4221571198520363421,D080_OREF_S02_E02
D081,OREF,6,342,3.18630173305898,141,0.0,0.0,0.0,0,0.0,7.071067811865476,1,321,D081_OREF,1,1,D081_OREF_S01,-7387298051358177302,-1552258290981443416,D081_OREF_S01_E01
D081,OREF,6,342,3.18630173305898,141,0.0,0.0,0.0,0,0.0,7.071067811865476,1,322,D081_OREF,1,2,D081_OREF_S01,-7387298051358177302,3889324861037849176,D081_OREF_S01_E02
D081,OREF,6,342,3.18630173305898,141,0.0,0.0,0.0,0,0.0,7.071067811865476,1,323,D081_OREF,2,1,D081_OREF_S02,7498515189694211383,5372944852934097415,D081_OREF_S02_E01
D081,OREF,6,342,3.18630173305898,141,0.0,0.0,0.0,0,0.0,7.071067811865476,1,324,D081_OREF,2,2,D081_OREF_S02,7498515189694211383,-1342158616736298874,D081_OREF_S02_E02
D082,OREF,1,199,0.5752652553825491,141,0.0,0.0,0.0,0,0.0,7.071067811865476,1,325,D082_OREF,1,1,D082_OREF_S01,6070186413041623152,-4795333657371894316,D082_OREF_S01_E01
D082,OREF,1,199,0.5752652553825491,141,0.0,0.0,0.0,0,0.0,7.071067811865476,1,326,D082_OREF,1,2,D082_OREF_S01,6070186413041623152,-4113580404312928540,D082_OREF_S01_E02
D082,OREF,1,199,0.5752652553825491,141,0.0,0.0,0.0,0,0.0,7.071067811865476,1,327,D082_OREF,2,1,D082_OREF_S02,6445706541928894422,-2989932303229894766,D082_OREF_S02_E01
D082,OREF,1,199,0.5752652553825491,141,0.0,0.0,0.0,0,0.0,7.071067811865476,1,328,D082_OREF,2,2,D082_OREF_S02,6445706541928894422,-507208277696928595,D082_OREF_S02_E02
D083,OREF,1,318,0.2832827580418229,141,0.0,0.0,0.0,0,0.0,7.071067811865476,1,329,D083_OREF,1,1,D083_OREF_S01,-7233998341959409698,6260619880546760598,D083_OREF_S01_E01
D083,OREF,1,318,0.2832827580418229,141,0.0,0.0,0.0,0,0.0,7.071067811865476,1,330,D083_OREF,1,2,D083_OREF_S01,-7233998341959409698,4098182198635856942,D083_OREF_S01_E02
D083,OREF,1,318,0.2832827580418229,141,0.0,0.0,0.0,0,0.0,7.071067811865476,1,331,D083_OREF,2,1,D083_OREF_S02,-2693762486255696142,4650423720767349784,D083_OREF_S02_E01
D083,OREF,1,318,0.2832827580418229,141,0.0,0.0,0.0,0,0.0,7.071067811865476,1,332,D083_OREF,2,2,D083_OREF_S02,-2693762486255696142,4366451269257583395,D083_OREF_S02_E02
D084,OREF,5,417,1.0706649253187348,141,0.0,0.0,0.0,0,0.0,7.071067811865476,1,333,D084_OREF,1,1,D084_OREF_S01,3519605682799033386,-2094422947555749203,D084_OREF_S01_E01
D084,OREF,5,417,1.0706649253187348,141,0.0,0.0,0.0,0,0.0,7.071067811865476,1,334,D084_OREF,1,2,D084_OREF_S01,3519605682799033386,6354886811449225258,D084_OREF_S01_E02
D084,OREF,5,417,1.0706649253187348,141,0.0,0.0,0.0,0,0.0,7.071067811865476,1,335,D084_OREF,2,1,D084_OREF_S02,7814016737088507853,78246191483433662,D084_OREF_S02_E01
D084,OREF,5,417,1.0706649253187348,141,0.0,0.0,0.0,0,0.0,7.071067811865476,1,336,D084_OREF,2,2,D084_OREF_S02,7814016737088507853,4154295058347876502,D084_OREF_S02_E02
D085,OREF,5,457,2.740595230960877,141,0.0,0.0,0.0,0,0.0,7.071067811865476,1,337,D085_OREF,1,1,D085_OREF_S01,-7391573360496021513,-4802443486786228693,D085_OREF_S01_E01
D085,OREF,5,457,2.740595230960877,141,0.0,0.0,0.0,0,0.0,7.071067811865476,1,338,D085_OREF,1,2,D085_OREF_S01,-7391573360496021513,-2348101292990911492,D085_OREF_S01_E02
D085,OREF,5,457,2.740595230960877,141,0.0,0.0,0.0,0,0.0,7.071067811865476,1,339,D085_OREF,2,1,D085_OREF_S02,-2177379308886703268,-6202382468118206510,D085_OREF_S02_E01
D085,OREF,5,457,2.740595230960877,141,0.0,0.0,0.0,0,0.0,7.071067811865476,1,340,D085_OREF,2,2,D085_OREF_S02,-2177379308886703268,-3954450321075309371,D085_OREF_S02_E02
D086,OREF,5,80,4.426479844222889,141,0.0,0.0,0.0,0,0.0,7.071067811865476,1,341,D086_OREF,1,1,D086_OREF_S01,4946235352974239901,1789162269752388891,D086_OREF_S01_E01
D086,OREF,5,80,4.426479844222889,141,0.0,0.0,0.0,0,0.0,7.071067811865476,1,342,D086_OREF,1,2,D086_OREF_S01,4946235352974239901,3277750824783851441,D086_OREF_S01_E02
D086,OREF,5,80,4.426479844222889,141,0.0,0.0,0.0,0,0.0,7.071067811865476,1,343,D086_OREF,2,1,D086_OREF_S02,8930679227494191891,-3645535512462603559,D086_OREF_S02_E01
D086,OREF,5,80,4.426479844222889,141,0.0,0.0,0.0,0,0.0,7.071067811865476,1,344,D086_OREF,2,2,D086_OREF_S02,8930679227494191891,-1727028576421621867,D086_OREF_S02_E02
D087,OREF,4,633,3.727721850960899,141,0.0,0.0,0.0,0,0.0,7.071067811865476,1,345,D087_OREF,1,1,D087_OREF_S01,7309750948412477122,3507991609838230019,D087_OREF_S01_E01
D087,OREF,4,633,3.727721850960899,141,0.0,0.0,0.0,0,0.0,7.071067811865476,1,346,D087_OREF,1,2,D087_OREF_S01,7309750948412477122,-2976675701119874792,D087_OREF_S01_E02
D087,OREF,4,633,3.727721850960899,141,0.0,0.0,0.0,0,0.0,7.071067811865476,1,347,D087_OREF,2,1,D087_OREF_S02,-1499905865658732193,2944518987172120126,D087_OREF_S02_E01
D087,OREF,4,633,3.727721850960899,141,0.0,0.0,0.0,0,0.0,7.071067811865476,1,348,D087_OREF,2,2,D087_OREF_S02,-1499905865658732193,-7496425997875730226,D087_OREF_S02_E02
D088,OREF,4,367,1.37777696425588,141,0.0,0.0,0.0,0,0.0,7.071067811865476,1,349,D088_OREF,1,1,D088_OREF_S01,-3014712988247538804,-4240334918081291528,D088_OREF_S01_E01
D088,OREF,4,367,1.37777696425588,141,0.0,0.0,0.0,0,0.0,7.071067811865476,1,350,D088_OREF,1,2,D088_OREF_S01,-3014712988247538804,-88642010284215006,D088_OREF_S01_E02
D088,OREF,4,367,1.37777696425588,141,0.0,0.0,0.0,0,0.0,7.071067811865476,1,351,D088_OREF,2,1,D088_OREF_S02,-2692396019054841915,-3873342829253450417,D088_OREF_S02_E01
D088,OREF,4,367,1.37777696425588,141,0.0,0.0,0.0,0,0.0,7.071067811865476,1,352,D088_OREF,2,2,D088_OREF_S02,-2692396019054841915,1507872511080530132,D088_OREF_S02_E02
D089,OREF,1,68,2.5359656247954345,141,0.0,0.0,0.0,0,0.0,7.071067811865476,1,353,D089_OREF,1,1,D089_OREF_S01,-6687522677117820879,2081048724177922399,D089_OREF_S01_E01
D089,OREF,1,68,2.5359656247954345,141,0.0,0.0,0.0,0,0.0,7.071067811865476,1,354,D089_OREF,1,2,D089_OREF_S01,-6687522677117820879,-5646038868719423443,D089_OREF_S01_E02
D089,OREF,1,68,2.5359656247954345,141,0.0,0.0,0.0,0,0.0,7.071067811865476,1,355,D089_OREF,2,1,D089_OREF_S02,4817426724330120002,-1872884635563302884,D089_OREF_S02_E01
D089,OREF,1,68,2.5359656247954345,141,0.0,0.0,0.0,0,0.0,7.071067811865476,1,356,D089_OREF,2,2,D089_OREF_S02,4817426724330120002,3232022275814816609,D089_OREF_S02_E02
D090,OREF,1,163,2.4131444676233214,141,0.0,0.0,0.0,0,0.0,7.071067811865476,1,357,D090_OREF,1,1,D090_OREF_S01,-2828241727260317490,627554806274023418,D090_OREF_S01_E01
D090,OREF,1,163,2.4131444676233214,141,0.0,0.0,0.0,0,0.0,7.071067811865476,1,358,D090_OREF,1,2,D090_OREF_S01,-2828241727260317490,9047956171543861607,D090_OREF_S01_E02
D090,OREF,1,163,2.4131444676233214,141,0.0,0.0,0.0,0,0.0,7.071067811865476,1,359,D090_OREF,2,1,D090_OREF_S02,1487605934735610317,1582643509739407345,D090_OREF_S02_E01
D090,OREF,1,163,2.4131444676233214,141,0.0,0.0,0.0,0,0.0,7.071067811865476,1,360,D090_OREF,2,2,D090_OREF_S02,1487605934735610317,5217549433414313946,D090_OREF_S02_E02
D091,OREF,7,101,0.7731467175533348,141,0.0,0.0,0.0,0,0.0,7.071067811865476,1,361,D091_OREF,1,1,D091_OREF_S01,1695354506490221779,-6536759335791208662,D091_OREF_S01_E01
D091,OREF,7,101,0.7731467175533348,141,0.0,0.0,0.0,0,0.0,7.071067811865476,1,362,D091_OREF,1,2,D091_OREF_S01,1695354506490221779,-8111082171385376329,D091_OREF_S01_E02
D091,OREF,7,101,0.7731467175533348,141,0.0,0.0,0.0,0,0.0,7.071067811865476,1,363,D091_OREF,2,1,D091_OREF_S02,1777922394498591779,6092256475097781808,D091_OREF_S02_E01
D091,OREF,7,101,0.7731467175533348,141,0.0,0.0,0.0,0,0.0,7.071067811865476,1,364,D091_OREF,2,2,D091_OREF_S02,1777922394498591779,-6671839928357468095,D091_OREF_S02_E02
D092,OREF,6,377,1.7856814803478245,141,0.0,0.0,0.0,0,0.0,7.071067811865476,1,365,D092_OREF,1,1,D092_OREF_S01,6003791658579449299,1368333450283511162,D092_OREF_S01_E01
D092,OREF,6,377,1.7856814803478245,141,0.0,0.0,0.0,0,0.0,7.071067811865476,1,366,D092_OREF,1,2,D092_OREF_S01,6003791658579449299,3401351050867787016,D092_OREF_S01_E02
D092,OREF,6,377,1.7856814803478245,141,0.0,0.0,0.0,0,0.0,7.071067811865476,1,367,D092_OREF,2,1,D092_OREF_S02,-1877317664655837405,8240704758399229136,D092_OREF_S02_E01
D092,OREF,6,377,1.7856814803478245,141,0.0,0.0,0.0,0,0.0,7.071067811865476,1,368,D092_OREF,2,2,D092_OREF_S02,-1877317664655837405,-7474451292777125556,D092_OREF_S02_E02
D093,OREF,1,536,0.2564060483180055,141,0.0,0.0,0.0,0,0.0,7.071067811865476,1,369,D093_OREF,1,1,D093_OREF_S01,-8699450456179719413,-3460087941109503288,D093_OREF_S01_E01
D093,OREF,1,536,0.2564060483180055,141,0.0,0.0,0.0,0,0.0,7.071067811865476,1,370,D093_OREF,1,2,D093_OREF_S01,-8699450456179719413,-7148564885384444506,D093_OREF_S01_E02
D093,OREF,1,536,0.2564060483180055,141,0.0,0.0,0.0,0,0.0,7.071067811865476,1,371,D093_OREF,2,1,D093_OREF_S02,8417194949406495126,7728697723291933257,D093_OREF_S02_E01
D093,OREF,1,536,0.2564060483180055,141,0.0,0.0,0.0,0,0.0,7.071067811865476,1,372,D093_OREF,2,2,D093_OREF_S02,8417194949406495126,2062440275440660568,D093_OREF_S02_E02
D094,OREF,6,238,7.33945288581168,141,0.0,0.0,0.0,0,0.0,7.071067811865476,1,373,D094_OREF,1,1,D094_OREF_S01,6629535961239882570,4156580111216026051,D094_OREF_S01_E01
D094,OREF,6,238,7.33945288581168,141,0.0,0.0,0.0,0,0.0,7.071067811865476,1,374,D094_OREF,1,2,D094_OREF_S01,6629535961239882570,3445538063017755928,D094_OREF_S01_E02
D094,OREF,6,238,7.33945288581168,141,0.0,0.0,0.0,0,0.0,7.071067811865476,1,375,D094_OREF,2,1,D094_OREF_S02,-7559186191461885837,6670352110972221029,D094_OREF_S02_E01
D094,OREF,6,238,7.33945288581168,141,0.0,0.0,0.0,0,0.0,7.071067811865476,1,376,D094_OREF,2,2,D094_OREF_S02,-7559186191461885837,-1677830664995122802,D094_OREF_S02_E02
D095,OREF,3,144,1.503793521562487,141,0.0,0.0,0.0,0,0.0,7.071067811865476,1,377,D095_OREF,1,1,D095_OREF_S01,-3064250646824818700,-7561346907676124637,D095_OREF_S01_E01
D095,OREF,3,144,1.503793521562487,141,0.0,0.0,0.0,0,0.0,7.071067811865476,1,378,D095_OREF,1,2,D095_OREF_S01,-3064250646824818700,8754759719747342833,D095_OREF_S01_E02
D095,OREF,3,144,1.503793521562487,141,0.0,0.0,0.0,0,0.0,7.071067811865476,1,379,D095_OREF,2,1,D095_OREF_S02,8555377893260416806,-6394231422701446292,D095_OREF_S02_E01
D095,OREF,3,144,1.503793521562487,141,0.0,0.0,0.0,0,0.0,7.071067811865476,1,380,D095_OREF,2,2,D095_OREF_S02,8555377893260416806,-8510218083404623928,D095_OREF_S02_E02
D096,OREF,5,87,1.6429877909031336,141,0.0,0.0,0.0,0,0.0,7.071067811865476,1,381,D096_OREF,1,1,D096_OREF_S01,-4834133728857534679,7628877335550544382,D096_OREF_S01_E01
D096,OREF,5,87,1.6429877909031336,141,0.0,0.0,0.0,0,0.0,7.071067811865476,1,382,D096_OREF,1,2,D096_OREF_S01,-4834133728857534679,-6553257329471142740,D096_OREF_S01_E02
D096,OREF,5,87,1.6429877909031336,141,0.0,0.0,0.0,0,0.0,7.071067811865476,1,383,D096_OREF,2,1,D096_OREF_S02,8495105861036853481,-2474682243435254247,D096_OREF_S02_E01
D096,OREF,5,87,1.6429877909031336,141,0.0,0.0,0.0,0,0.0,7.071067811865476,1,384,D096_OREF,2,2,D096_OREF_S02,8495105861036853481,2356946954076762621,D096_OREF_S02_E02
D097,OREF,8,515,0.9437257111493362,141,0.0,0.0,0.0,0,0.0,7.071067811865476,1,385,D097_OREF,1,1,D097_OREF_S01,3623262024512576968,-879104046562511845,D097_OREF_S01_E01
D097,OREF,8,515,0.9437257111493362,141,0.0,0.0,0.0,0,0.0,7.071067811865476,1,386,D097_OREF,1,2,D097_OREF_S01,3623262024512576968,-5887744670867495091,D097_OREF_S01_E02
D097,OREF,8,515,0.9437257111493362,141,0.0,0.0,0.0,0,0.0,7.071067811865476,1,387,D097_OREF,2,1,D097_OREF_S02,9206055731794327372,9019959929585206205,D097_OREF_S02_E01
D097,OREF,8,515,0.9437257111493362,141,0.0,0.0,0.0,0,0.0,7.071067811865476,1,388,D097_OREF,2,2,D097_OREF_S02,9206055731794327372,-4265877972243657129,D097_OREF_S02_E02
D098,OREF,5,182,0.3274789322158383,141,0.0,0.0,0.0,0,0.0,7.071067811865476,1,389,D098_OREF,1,1,D098_OREF_S01,-1526753493701071176,-9048446720368235473,D098_OREF_S01_E01
D098,OREF,5,182,0.3274789322158383,141,0.0,0.0,0.0,0,0.0,7.071067811865476,1,390,D098_OREF,1,2,D098_OREF_S01,-1526753493701071176,5776363026436118249,D098_OREF_S01_E02
D098,OREF,5,182,0.3274789322158383,141,0.0,0.0,0.0,0,0.0,7.071067811865476,1,391,D098_OREF,2,1,D098_OREF_S02,565945257291423754,8190703578604922047,D098_OREF_S02_E01
D098,OREF,5,182,0.3274789322158383,141,0.0,0.0,0.0,0,0.0,7.071067811865476,1,392,D098_OREF,2,2,D098_OREF_S02,565945257291423754,-656181936362596896,D098_OREF_S02_E02
D099,OREF,4,393,1.921945994407004,141,0.0,0.0,0.0,0,0.0,7.071067811865476,1,393,D099_OREF,1,1,D099_OREF_S01,-355988493973275214,3328638615493984080,D099_OREF_S01_E01
D099,OREF,4,393,1.921945994407004,141,0.0,0.0,0.0,0,0.0,7.071067811865476,1,394,D099_OREF,1,2,D099_OREF_S01,-355988493973275214,-6813892280687354935,D099_OREF_S01_E02
D099,OREF,4,393,1.921945994407004,141,0.0,0.0,0.0,0,0.0,7.071067811865476,1,395,D099_OREF,2,1,D099_OREF_S02,-6729800560901157416,-5952387875711577848,D099_OREF_S02_E01
D099,OREF,4,393,1.921945994407004,141,0.0,0.0,0.0,0,0.0,7.071067811865476,1,396,D099_OREF,2,2,D099_OREF_S02,-6729800560901157416,8564912844183534613,D099_OREF_S02_E02
D100,OREF,3,113,0.6115123267861162,141,0.0,0.0,0.0,0,0.0,7.071067811865476,1,397,D100_OREF,1,1,D100_OREF_S01,-1104932291138823395,6790161871997453720,D100_OREF_S01_E01
D100,OREF,3,113,0.6115123267861162,141,0.0,0.0,0.0,0,0.0,7.071067811865476,1,398,D100_OREF,1,2,D100_OREF_S01,-1104932291138823395,8528420691804746650,D100_OREF_S01_E02
D100,OREF,3,113,0.6115123267861162,141,0.0,0.0,0.0,0,0.0,7.071067811865476,1,399,D100_OREF,2,1,D100_OREF_S02,2665801926641956529,1082837948929835244,D100_OREF_S02_E01
D100,OREF,3,113,0.6115123267861162,141,0.0,0.0,0.0,0,0.0,7.071067811865476,1,400,D100_OREF,2,2,D100_OREF_S02,2665801926641956529,-4472670211531586702,D100_OREF_S02_E02
D101,OREF,5,167,5.760753696304674,141,0.0,0.0,0.0,0,0.0,7.071067811865476,1,401,D101_OREF,1,1,D101_OREF_S01,-3470404875928335321,-4379923542370542425,D101_OREF_S01_E01
D101,OREF,5,167,5.760753696304674,141,0.0,0.0,0.0,0,0.0,7.071067811865476,1,402,D101_OREF,1,2,D101_OREF_S01,-3470404875928335321,-1733445483174324812,D101_OREF_S01_E02
D101,OREF,5,167,5.760753696304674,141,0.0,0.0,0.0,0,0.0,7.071067811865476,1,403,D101_OREF,2,1,D101_OREF_S02,5720939169591431641,-3935747876846720876,D101_OREF_S02_E01
D101,OREF,5,167,5.760753696304674,141,0.0,0.0,0.0,0,0.0,7.071067811865476,1,404,D101_OREF,2,2,D101_OREF_S02,5720939169591431641,8116567411888441939,D101_OREF_S02_E02
D102,OREF,8,204,3.12778775572404,141,0.0,0.0,0.0,0,0.0,7.071067811865476,1,405,D102_OREF,1,1,D102_OREF_S01,-7360668504974658785,2864063693118592122,D102_OREF_S01_E01
D102,OREF,8,204,3.12778775572404,141,0.0,0.0,0.0,0,0.0,7.071067811865476,1,406,D102_OREF,1,2,D102_OREF_S01,-7360668504974658785,-5354789696345977026,D102_OREF_S01_E02
D102,OREF,8,204,3.12778775572404,141,0.0,0.0,0.0,0,0.0,7.071067811865476,1,407,D102_OREF,2,1,D102_OREF_S02,-8943907554068781671,1508716962996129820,D102_OREF_S02_E01
D102,OREF,8,204,3.12778775572404,141,0.0,0.0,0.0,0,0.0,7.071067811865476,1,408,D102_OREF,2,2,D102_OREF_S02,-8943907554068781671,-7905334507581249321,D102_OREF_S02_E02
D103,OREF,2,622,0.5873833635172555,141,0.0,0.0,0.0,0,0.0,7.071067811865476,1,409,D103_OREF,1,1,D103_OREF_S01,4641391037661971535,-1201941027425475083,D103_OREF_S01_E01
D103,OREF,2,622,0.5873833635172555,141,0.0,0.0,0.0,0,0.0,7.071067811865476,1,410,D103_OREF,1,2,D103_OREF_S01,4641391037661971535,-4652193845123743195,D103_OREF_S01_E02
D103,OREF,2,622,0.5873833635172555,141,0.0,0.0,0.0,0,0.0,7.071067811865476,1,411,D103_OREF,2,1,D103_OREF_S02,-7955421294840510583,8121988311241839972,D103_OREF_S02_E01
D103,OREF,2,622,0.5873833635172555,141,0.0,0.0,0.0,0,0.0,7.071067811865476,1,412,D103_OREF,2,2,D103_OREF_S02,-7955421294840510583,-8592699000185316870,D103_OREF_S02_E02
D104,OREF,8,84,4.321434074838537,141,0.0,0.0,0.0,0,0.0,7.071067811865476,1,413,D104_OREF,1,1,D104_OREF_S01,2654761546291176967,2016953814231664553,D104_OREF_S01_E01
D104,OREF,8,84,4.321434074838537,141,0.0,0.0,0.0,0,0.0,7.071067811865476,1,414,D104_OREF,1,2,D104_OREF_S01,2654761546291176967,2657610550133439562,D104_OREF_S01_E02
D104,OREF,8,84,4.321434074838537,141,0.0,0.0,0.0,0,0.0,7.071067811865476,1,415,D104_OREF,2,1,D104_OREF_S02,5116308109837792817,-6348438095599989914,D104_OREF_S02_E01
D104,OREF,8,84,4.321434074838537,141,0.0,0.0,0.0,0,0.0,7.071067811865476,1,416,D104_OREF,2,2,D104_OREF_S02,5116308109837792817,-4252796244707903774,D104_OREF_S02_E02
D105,OREF,4,74,1.6884094560066718,141,0.0,0.0,0.0,0,0.0,7.071067811865476,1,417,D105_OREF,1,1,D105_OREF_S01,-9103998885174900926,-3308663307060136652,D105_OREF_S01_E01
D105,OREF,4,74,1.6884094560066718,141,0.0,0.0,0.0,0,0.0,7.071067811865476,1,418,D105_OREF,1,2,D105_OREF_S01,-9103998885174900926,-4172857960640718066,D105_OREF_S01_E02
D105,OREF,4,74,1.6884094560066718,141,0.0,0.0,0.0,0,0.0,7.071067811865476,1,419,D105_OREF,2,1,D105_OREF_S02,1408368959129308937,-4955117140090859722,D105_OREF_S02_E01
D105,OREF,4,74,1.6884094560066718,141,0.0,0.0,0.0,0,0.0,7.071067811865476,1,420,D105_OREF,2,2,D105_OREF_S02,1408368959129308937,-1220035889315077482,D105_OREF_S02_E02
D106,OREF,6,840,2.071719566185018,141,0.0,0.0,0.0,0,0.0,7.071067811865476,2,421,D106_OREF,1,1,D106_OREF_S01,8276815184715004757,-4572055209500223054,D106_OREF_S01_E01
D106,OREF,6,840,2.071719566185018,141,0.0,0.0,0.0,0,0.0,7.071067811865476,2,422,D106_OREF,1,2,D106_OREF_S01,8276815184715004757,8337308833632588909,D106_OREF_S01_E02
D106,OREF,6,840,2.071719566185018,141,0.0,0.0,0.0,0,0.0,7.071067811865476,2,423,D106_OREF,2,1,D106_OREF_S02,-3952446254102651303,-2017087668003932135,D106_OREF_S02_E01
D106,OREF,6,840,2.071719566185018,141,0.0,0.0,0.0,0,0.0,7.071067811865476,2,424,D106_OREF,2,2,D106_OREF_S02,-3952446254102651303,-7318242695494144067,D106_OREF_S02_E02
D107,OREF,7,61,0.9872413123880012,141,0.0,0.0,0.0,0,0.0,7.071067811865476,1,425,D107_OREF,1,1,D107_OREF_S01,-5506710915308387822,-6659962719492334270,D107_OREF_S01_E01
D107,OREF,7,61,0.9872413123880012,141,0.0,0.0,0.0,0,0.0,7.071067811865476,1,426,D107_OREF,1,2,D107_OREF_S01,-5506710915308387822,-8620974194158740976,D107_OREF_S01_E02
D107,OREF,7,61,0.9872413123880012,141,0.0,0.0,0.0,0,0.0,7.071067811865476,1,427,D107_OREF,2,1,D107_OREF_S02,1516037414873006736,-5521699624492318375,D107_OREF_S02_E01
D107,OREF,7,61,0.9872413123880012,141,0.0,0.0,0.0,0,0.0,7.071067811865476,1,428,D107_OREF,2,2,D107_OREF_S02,1516037414873006736,-2071831083248298723,D107_OREF_S02_E02
D108,OREF,5,100,0.444344168685106,141,0.0,0.0,0.0,0,0.0,7.071067811865476,1,429,D108_OREF,1,1,D108_OREF_S01,4219312919189269104,4813660699611611309,D108_OREF_S01_E01
D108,OREF,5,100,0.444344168685106,141,0.0,0.0,0.0,0,0.0,7.071067811865476,1,430,D108_OREF,1,2,D108_OREF_S01,4219312919189269104,8620693170624189176,D108_OREF_S01_E02
D108,OREF,5,100,0.444344168685106,141,0.0,0.0,0.0,0,0.0,7.071067811865476,1,431,D108_OREF,2,1,D108_OREF_S02,-593664700810244161,9084801730775658085,D108_OREF_S02_E01
D108,OREF,5,100,0.444344168685106,141,0.0,0.0,0.0,0,0.0,7.071067811865476,1,432,D108_OREF,2,2,D108_OREF_S02,-593664700810244161,-9068681021129236641,D108_OREF_S02_E02
D109,OREF,2,361,1.053603838882826,141,0.0,0.0,0.0,0,0.0,7.071067811865476,1,433,D109_OREF,1,1,D109_OREF_S01,-6254118599687940440,7769790155347535577,D109_OREF_S01_E01
D109,OREF,2,361,1.053603838882826,141,0.0,0.0,0.0,0,0.0,7.071067811865476,1,434,D109_OREF,1,2,D109_OREF_S01,-6254118599687940440,5177867755171593259,D109_OREF_S01_E02
D109,OREF,2,361,1.053603838882826,141,0.0,0.0,0.0,0,0.0,7.071067811865476,1,435,D109_OREF,2,1,D109_OREF_S02,-6572102755287661779,-439306118562016528,D109_OREF_S02_E01
D109,OREF,2,361,1.053603838882826,141,0.0,0.0,0.0,0,0.0,7.071067811865476,1,436,D109_OREF,2,2,D109_OREF_S02,-6572102755287661779,969998366939539021,D109_OREF_S02_E02
D110,OREF,5,133,0.7329154276272907,141,0.0,0.0,0.0,0,0.0,7.071067811865476,1,437,D110_OREF,1,1,D110_OREF_S01,-3376061138397477585,-6892412098838622498,D110_OREF_S01_E01
D110,OREF,5,133,0.7329154276272907,141,0.0,0.0,0.0,0,0.0,7.071067811865476,1,438,D110_OREF,1,2,D110_OREF_S01,-3376061138397477585,8182426636537529508,D110_OREF_S01_E02
D110,OREF,5,133,0.7329154276272907,141,0.0,0.0,0.0,0,0.0,7.071067811865476,1,439,D110_OREF,2,1,D110_OREF_S02,-1153286595357142946,8195556133050761661,D110_OREF_S02_E01
D110,OREF,5,133,0.7329154276272907,141,0.0,0.0,0.0,0,0.0,7.071067811865476,1,440,D110_OREF,2,2,D110_OREF_S02,-1153286595357142946,-3723035505050041915,D110_OREF_S02_E02
D111,OREF,4,556,0.2715420558586505,141,0.0,0.0,0.0,0,0.0,7.071067811865476,1,441,D111_OREF,1,1,D111_OREF_S01,7684712432278134921,-3708504549516958149,D111_OREF_S01_E01
D111,OREF,4,556,0.2715420558586505,141,0.0,0.0,0.0,0,0.0,7.071067811865476,1,442,D111_OREF,1,2,D111_OREF_S01,7684712432278134921,-3302268893543160688,D111_OREF_S01_E02
D111,OREF,4,556,0.2715420558586505,141,0.0,0.0,0.0,0,0.0,7.071067811865476,1,443,D111_OREF,2,1,D111_OREF_S02,-7757603462877174400,-4438569974145051394,D111_OREF_S02_E01
D111,OREF,4,556,0.2715420558586505,141,0.0,0.0,0.0,0,0.0,7.071067811865476,1,444,D111_OREF,2,2,D111_OREF_S02,-7757603462877174400,-345262917515000951,D111_OREF_S02_E02
D112,OREF,2,978,0.2984226608658163,141,0.0,0.0,0.0,0,0.0,7.071067811865476,2,445,D112_OREF,1,1,D112_OREF_S01,5252516769801680831,-2198223771990669496,D112_OREF_S01_E01
D112,OREF,2,978,0.2984226608658163,141,0.0,0.0,0.0,0,0.0,7.071067811865476,2,446,D112_OREF,1,2,D112_OREF_S01,5252516769801680831,8818581752611263859,D112_OREF_S01_E02
D112,OREF,2,978,0.2984226608658163,141,0.0,0.0,0.0,0,0.0,7.071067811865476,2,447,D112_OREF,2,1,D112_OREF_S02,6883552599164732709,8101686006173935786,D112_OREF_S02_E01
D112,OREF,2,978,0.2984226608658163,141,0.0,0.0,0.0,0,0.0,7.071067811865476,2,448,D112_OREF,2,2,D112_OREF_S02,6883552599164732709,5502132203941379455,D112_OREF_S02_E02
D113,OREF,7,215,2.254735272443912,141,0.0,0.0,0.0,0,0.0,7.071067811865476,1,449,D113_OREF,1,1,D113_OREF_S01,410663931836324580,728578251942251299,D113_OREF_S01_E01
D113,OREF,7,215,2.254735272443912,141,0.0,0.0,0.0,0,0.0,7.071067811865476,1,450,D113_OREF,1,2,D113_OREF_S01,410663931836324580,2755288855767497382,D113_OREF_S01_E02
D113,OREF,7,215,2.254735272443912,141,0.0,0.0,0.0,0,0.0,7.071067811865476,1,451,D113_OREF,2,1,D113_OREF_S02,-2166311238685363621,2125377879267350182,D113_OREF_S02_E01
D113,OREF,7,215,2.254735272443912,141,0.0,0.0,0.0,0,0.0,7.071067811865476,1,452,D113_OREF,2,2,D113_OREF_S02,-2166311238685363621,3056869846849092901,D113_OREF_S02_E02
D114,OREF,6,941,5.269639678908876,141,0.0,0.0,0.0,0,0.0,7.071067811865476,2,453,D114_OREF,1,1,D114_OREF_S01,-2121941154190508416,8802295980148897216,D114_OREF_S01_E01
D114,OREF,6,941,5.269639678908876,141,0.0,0.0,0.0,0,0.0,7.071067811865476,2,454,D114_OREF,1,2,D114_OREF_S01,-2121941154190508416,1047855334109789775,D114_OREF_S01_E02
D114,OREF,6,941,5.269639678908876,141,0.0,0.0,0.0,0,0.0,7.071067811865476,2,455,D114_OREF,2,1,D114_OREF_S02,-178330830971674199,2078810142579577095,D114_OREF_S02_E01
D114,OREF,6,941,5.269639678908876,141,0.0,0.0,0.0,0,0.0,7.071067811865476,2,456,D114_OREF,2,2,D114_OREF_S02,-178330830971674199,2290443189074302642,D114_OREF_S02_E02
D115,OREF,1,77,1.3221315571400043,141,0.0,0.0,0.0,0,0.0,7.071067811865476,1,457,D115_OREF,1,1,D115_OREF_S01,-7185724312009520279,-6750244946976993686,D115_OREF_S01_E01
D115,OREF,1,77,1.3221315571400043,141,0.0,0.0,0.0,0,0.0,7.071067811865476,1,458,D115_OREF,1,2,D115_OREF_S01,-7185724312009520279,-9092007597247844785,D115_OREF_S01_E02
D115,OREF,1,77,1.3221315571400043,141,0.0,0.0,0.0,0,0.0,7.071067811865476,1,459,D115_OREF,2,1,D115_OREF_S02,-974930883830433801,-3393095253190319517,D115_OREF_S02_E01
D115,OREF,1,77,1.3221315571400043,141,0.0,0.0,0.0,0,0.0,7.071067811865476,1,460,D115_OREF,2,2,D115_OREF_S02,-974930883830433801,-6768370061944927498,D115_OREF_S02_E02
D116,OREF,4,1043,7.936094536604799,141,0.0,0.0,0.0,0,0.0,7.071067811865476,2,461,D116_OREF,1,1,D116_OREF_S01,-2416351236687443562,3724336130636085625,D116_OREF_S01_E01
D116,OREF,4,1043,7.936094536604799,141,0.0,0.0,0.0,0,0.0,7.071067811865476,2,462,D116_OREF,1,2,D116_OREF_S01,-2416351236687443562,-1363620105227231379,D116_OREF_S01_E02
D116,OREF,4,1043,7.936094536604799,141,0.0,0.0,0.0,0,0.0,7.071067811865476,2,463,D116_OREF,2,1,D116_OREF_S02,7621762670314553800,8829942861899337522,D116_OREF_S02_E01
D116,OREF,4,1043,7.936094536604799,141,0.0,0.0,0.0,0,0.0,7.071067811865476,2,464,D116_OREF,2,2,D116_OREF_S02,7621762670314553800,4394228081932208489,D116_OREF_S02_E02
D117,OREF,1,697,7.063418201495651,141,0.0,0.0,0.0,0,0.0,7.071067811865476,1,465,D117_OREF,1,1,D117_OREF_S01,5091125463964644850,-1868003911836825700,D117_OREF_S01_E01
D117,OREF,1,697,7.063418201495651,141,0.0,0.0,0.0,0,0.0,7.071067811865476,1,466,D117_OREF,1,2,D117_OREF_S01,5091125463964644850,-7930266184026735956,D117_OREF_S01_E02
D117,OREF,1,697,7.063418201495651,141,0.0,0.0,0.0,0,0.0,7.071067811865476,1,467,D117_OREF,2,1,D117_OREF_S02,7656975251848252593,9820089454689346,D117_OREF_S02_E01
D117,OREF,1,697,7.063418201495651,141,0.0,0.0,0.0,0,0.0,7.071067811865476,1,468,D117_OREF,2,2,D117_OREF_S02,7656975251848252593,-5493869103172919397,D117_OREF_S02_E02
D118,OREF,4,1114,0.319192160663581,141,0.0,0.0,0.0,0,0.0,7.071067811865476,2,469,D118_OREF,1,1,D118_OREF_S01,2915929678815034343,-5172028998001109813,D118_OREF_S01_E01
D118,OREF,4,1114,0.319192160663581,141,0.0,0.0,0.0,0,0.0,7.071067811865476,2,470,D118_OREF,1,2,D118_OREF_S01,2915929678815034343,610901525558851781,D118_OREF_S01_E02
D118,OREF,4,1114,0.319192160663581,141,0.0,0.0,0.0,0,0.0,7.071067811865476,2,471,D118_OREF,2,1,D118_OREF_S02,-1430292928161038869,8240419139049954482,D118_OREF_S02_E01
D118,OREF,4,1114,0.319192160663581,141,0.0,0.0,0.0,0,0.0,7.071067811865476,2,472,D118_OREF,2,2,D118_OREF_S02,-1430292928161038869,-6040867986734794403,D118_OREF_S02_E02
D119,OREF,8,92,0.3893392411944338,141,0.0,0.0,0.0,0,0.0,7.071067811865476,1,473,D119_OREF,1,1,D119_OREF_S01,-3979277842839430760,-1011602653774586845,D119_OREF_S01_E01
D119,OREF,8,92,0.3893392411944338,141,0.0,0.0,0.0,0,0.0,7.071067811865476,1,474,D119_OREF,1,2,D119_OREF_S01,-3979277842839430760,4919007458783823703,D119_OREF_S01_E02
D119,OREF,8,92,0.3893392411944338,141,0.0,0.0,0.0,0,0.0,7.071067811865476,1,475,D119_OREF,2,1,D119_OREF_S02,458706598447118681,-6401365748745738315,D119_OREF_S02_E01
D119,OREF,8,92,0.3893392411944338,141,0.0,0.0,0.0,0,0.0,7.071067811865476,1,476,D119_OREF,2,2,D119_OREF_S02,458706598447118681,-8339840877861376565,D119_OREF_S02_E02
D120,OREF,4,221,0.4474467832696143,141,0.0,0.0,0.0,0,0.0,7.071067811865476,1,477,D120_OREF,1,1,D120_OREF_S01,-2524573697956713858,7776993014316812628,D120_OREF_S01_E01
D120,OREF,4,221,0.4474467832696143,141,0.0,0.0,0.0,0,0.0,7.071067811865476,1,478,D120_OREF,1,2,D120_OREF_S01,-2524573697956713858,1491343295279500169,D120_OREF_S01_E02
D120,OREF,4,221,0.4474467832696143,141,0.0,0.0,0.0,0,0.0,7.071067811865476,1,479,D120_OREF,2,1,D120_OREF_S02,6526568601796041563,2443847662153724069,D120_OREF_S02_E01
D120,OREF,4,221,0.4474467832696143,141,0.0,0.0,0.0,0,0.0,7.071067811865476,1,480,D120_OREF,2,2,D120_OREF_S02,6526568601796041563,8074854801267103477,D120_OREF_S02_E02
D121,OREF,1,60,0.25,141,0.0,0.0,0.0,0,0.0,7.071067811865476,1,481,D121_OREF,1,1,D121_OREF_S01,531912460824043994,-6510969129530018775,D121_OREF_S01_E01
D121,OREF,1,60,0.25,141,0.0,0.0,0.0,0,0.0,7.071067811865476,1,482,D121_OREF,1,2,D121_OREF_S01,531912460824043994,-1619246718304404008,D121_OREF_S01_E02
D121,OREF,1,60,0.25,141,0.0,0.0,0.0,0,0.0,7.071067811865476,1,483,D121_OREF,2,1,D121_OREF_S02,3573370477939889340,-3236376292521360193,D121_OREF_S02_E01
D121,OREF,1,60,0.25,141,0.0,0.0,0.0,0,0.0,7.071067811865476,1,484,D121_OREF,2,2,D121_OREF_S02,3573370477939889340,-3393831673298764516,D121_OREF_S02_E02
D122,OREF,1,60,8.0,141,0.0,0.0,0.0,0,0.0,7.071067811865476,1,485,D122_OREF,1,1,D122_OREF_S01,-9013779868893360966,-4191464454924548537,D122_OREF_S01_E01
D122,OREF,1,60,8.0,141,0.0,0.0,0.0,0,0.0,7.071067811865476,1,486,D122_OREF,1,2,D122_OREF_S01,-9013779868893360966,-3905445771926880240,D122_OREF_S01_E02
D122,OREF,1,60,8.0,141,0.0,0.0,0.0,0,0.0,7.071067811865476,1,487,D122_OREF,2,1,D122_OREF_S02,-1545979321562821244,-1655833721912482738,D122_OREF_S02_E01
D122,OREF,1,60,8.0,141,0.0,0.0,0.0,0,0.0,7.071067811865476,1,488,D122_OREF,2,2,D122_OREF_S02,-1545979321562821244,-7266759334355768105,D122_OREF_S02_E02
D123,OREF,1,1200,0.25,141,0.0,0.0,0.0,0,0.0,7.071067811865476,2,489,D123_OREF,1,1,D123_OREF_S01,6767614021719074164,545763766852218012,D123_OREF_S01_E01
D123,OREF,1,1200,0.25,141,0.0,0.0,0.0,0,0.0,7.071067811865476,2,490,D123_OREF,1,2,D123_OREF_S01,6767614021719074164,-6405878736514972469,D123_OREF_S01_E02
D123,OREF,1,1200,0.25,141,0.0,0.0,0.0,0,0.0,7.071067811865476,2,491,D123_OREF,2,1,D123_OREF_S02,-5574635232913877410,-7154382772535903108,D123_OREF_S02_E01
D123,OREF,1,1200,0.25,141,0.0,0.0,0.0,0,0.0,7.071067811865476,2,492,D123_OREF,2,2,D123_OREF_S02,-5574635232913877410,-3060569051424070042,D123_OREF_S02_E02
D124,OREF,1,1200,8.0,141,0.0,0.0,0.0,0,0.0,7.071067811865476,2,493,D124_OREF,1,1,D124_OREF_S01,-8212552858720850812,1516154164968924338,D124_OREF_S01_E01
D124,OREF,1,1200,8.0,141,0.0,0.0,0.0,0,0.0,7.071067811865476,2,494,D124_OREF,1,2,D124_OREF_S01,-8212552858720850812,5899379062627156375,D124_OREF_S01_E02
D124,OREF,1,1200,8.0,141,0.0,0.0,0.0,0,0.0,7.071067811865476,2,495,D124_OREF,2,1,D124_OREF_S02,384135526087133628,6094301651659045170,D124_OREF_S02_E01
D124,OREF,1,1200,8.0,141,0.0,0.0,0.0,0,0.0,7.071067811865476,2,496,D124_OREF,2,2,D124_OREF_S02,384135526087133628,-7275147299285916142,D124_OREF_S02_E02
D125,OREF,8,60,0.25,141,0.0,0.0,0.0,0,0.0,7.071067811865476,1,497,D125_OREF,1,1,D125_OREF_S01,1155826252078789977,-3431179011027465332,D125_OREF_S01_E01
D125,OREF,8,60,0.25,141,0.0,0.0,0.0,0,0.0,7.071067811865476,1,498,D125_OREF,1,2,D125_OREF_S01,1155826252078789977,409221872955444788,D125_OREF_S01_E02
D125,OREF,8,60,0.25,141,0.0,0.0,0.0,0,0.0,7.071067811865476,1,499,D125_OREF,2,1,D125_OREF_S02,5674451802896151360,-6802786998887785855,D125_OREF_S02_E01
D125,OREF,8,60,0.25,141,0.0,0.0,0.0,0,0.0,7.071067811865476,1,500,D125_OREF,2,2,D125_OREF_S02,5674451802896151360,-383958723535666947,D125_OREF_S02_E02
D126,OREF,8,60,8.0,141,0.0,0.0,0.0,0,0.0,7.071067811865476,1,501,D126_OREF,1,1,D126_OREF_S01,2593735458137794455,-287940613205191221,D126_OREF_S01_E01
D126,OREF,8,60,8.0,141,0.0,0.0,0.0,0,0.0,7.071067811865476,1,502,D126_OREF,1,2,D126_OREF_S01,2593735458137794455,-7319453954393894862,D126_OREF_S01_E02
D126,OREF,8,60,8.0,141,0.0,0.0,0.0,0,0.0,7.071067811865476,1,503,D126_OREF,2,1,D126_OREF_S02,-304606764541967064,-8614436176373447871,D126_OREF_S02_E01
D126,OREF,8,60,8.0,141,0.0,0.0,0.0,0,0.0,7.071067811865476,1,504,D126_OREF,2,2,D126_OREF_S02,-304606764541967064,2548040319509304041,D126_OREF_S02_E02
D127,OREF,8,1200,0.25,141,0.0,0.0,0.0,0,0.0,7.071067811865476,2,505,D127_OREF,1,1,D127_OREF_S01,2576250903448562385,5693475888115039406,D127_OREF_S01_E01
D127,OREF,8,1200,0.25,141,0.0,0.0,0.0,0,0.0,7.071067811865476,2,506,D127_OREF,1,2,D127_OREF_S01,2576250903448562385,3198474576846758355,D127_OREF_S01_E02
D127,OREF,8,1200,0.25,141,0.0,0.0,0.0,0,0.0,7.071067811865476,2,507,D127_OREF,2,1,D127_OREF_S02,5613710898374354733,3051618422576926239,D127_OREF_S02_E01
D127,OREF,8,1200,0.25,141,0.0,0.0,0.0,0,0.0,7.071067811865476,2,508,D127_OREF,2,2,D127_OREF_S02,5613710898374354733,-5523392116770801664,D127_OREF_S02_E02
D128,OREF,8,1200,8.0,141,0.0,0.0,0.0,0,0.0,7.071067811865476,2,509,D128_OREF,1,1,D128_OREF_S01,3402392011287177132,-8752257565752747039,D128_OREF_S01_E01
D128,OREF,8,1200,8.0,141,0.0,0.0,0.0,0,0.0,7.071067811865476,2,510,D128_OREF,1,2,D128_OREF_S01,3402392011287177132,-11952152622450048,D128_OREF_S01_E02
D128,OREF,8,1200,8.0,141,0.0,0.0,0.0,0,0.0,7.071067811865476,2,511,D128_OREF,2,1,D128_OREF_S02,-5360383941801342026,3403835442878727087,D128_OREF_S02_E01
D128,OREF,8,1200,8.0,141,0.0,0.0,0.0,0,0.0,7.071067811865476,2,512,D128_OREF,2,2,D128_OREF_S02,-5360383941801342026,-2809853481562620629,D128_OREF_S02_E02
